year,fund,recipient,location,artform,amount_awarded
2022,Arts Centre Partnership Funding,An Grianán Theatre,Ireland,Arts Centres,150000
2022,Arts Centre Partnership Funding,An Táin Arts Centre,Ireland,Arts Centres,100000
2022,Arts Centre Partnership Funding,Axis Arts Centre,Ireland,Arts Centres,115000
2022,Arts Centre Partnership Funding,Backstage Theatre,Ireland,Arts Centres,265000
2022,Arts Centre Partnership Funding,Ballina Arts Centre,Ireland,Arts Centres,55000
2022,Arts Centre Partnership Funding,Birr Theatre & Arts Centre,Ireland,Arts Centres,40000
2022,Arts Centre Partnership Funding,Civic Theatre,Ireland,Arts Centres,270000
2022,Arts Centre Partnership Funding,Cork Opera House,Ireland,Arts Centres,200000
2022,Arts Centre Partnership Funding,Draíocht Arts Centre,Ireland,Arts Centres,225000
2022,Arts Centre Partnership Funding,Droichead Arts Centre,Ireland,Arts Centres,270000
2022,Arts Centre Partnership Funding,Dublin Municipal Theatre,Ireland,Arts Centres,105000
2022,Arts Centre Partnership Funding,Dunamaise Arts Centre,Ireland,Arts Centres,125000
2022,Arts Centre Partnership Funding,Everyman,Ireland,Arts Centres,280000
2022,Arts Centre Partnership Funding,Galway Arts Centre,Ireland,Arts Centres,180000
2022,Arts Centre Partnership Funding,Garage Theatre,Ireland,Arts Centres,71000
2022,Arts Centre Partnership Funding,Garter Lane Arts Centre,Ireland,Arts Centres,260000
2022,Arts Centre Partnership Funding,Glór,Ireland,Arts Centres,210000
2022,Arts Centre Partnership Funding,Hawk’s Well Theatre,Ireland,Arts Centres,290000
2022,Arts Centre Partnership Funding,Linenhall Arts Centre,Ireland,Arts Centres,250000
2022,Arts Centre Partnership Funding,Mermaid Arts Centre,Ireland,Arts Centres,290000
2022,Arts Centre Partnership Funding,Pavilion Theatre,Ireland,Arts Centres,205000
2022,Arts Centre Partnership Funding,Project Arts Centre,Ireland,Arts Centres,910000
2022,Arts Centre Partnership Funding,Ramor Theatre | Town Hall Cavan,Ireland,Arts Centres,80000
2022,Arts Centre Partnership Funding,Regional Cultural Centre,Ireland,Arts Centres,170000
2022,Arts Centre Partnership Funding,Riverbank Arts Centre,Ireland,Arts Centres,110000
2022,Arts Centre Partnership Funding,Roscommon Arts Centre,Ireland,Arts Centres,155000
2022,Arts Centre Partnership Funding,RUA RED,Ireland,Arts Centres,60000
2022,Arts Centre Partnership Funding,Siamsa Tire Theatre and Arts Centre,Ireland,Arts Centres,310000
2022,Arts Centre Partnership Funding,Sirius Arts Centre,Ireland,Arts Centres,120000
2022,Arts Centre Partnership Funding,Solstice Arts Centre,Ireland,Arts Centres,185000
2022,Arts Centre Partnership Funding,Source Arts Centre,Ireland,Arts Centres,110000
2022,Arts Centre Partnership Funding,The Dock,Ireland,Arts Centres,120000
2022,Arts Centre Partnership Funding,The Lime Tree Belltable,Ireland,Arts Centres,250000
2022,Arts Centre Partnership Funding,The Model,Ireland,Arts Centres,300000
2022,Arts Centre Partnership Funding,Theatre Forum Ireland,Ireland,Arts Centres,219000
2022,Arts Centre Partnership Funding,Town Hall Theatre,Ireland,Arts Centres,180000
2022,Arts Centre Partnership Funding,Triskel Arts Centre,Ireland,Arts Centres,232000
2022,Arts Centre Partnership Funding,VISUAL Centre for Contemporary Art & the George Bernard Shaw Theatre,Ireland,Arts Centres,210000
2022,Arts Centre Partnership Funding,Waterford Theatre Royal Society,Ireland,Arts Centres,85000
2022,Arts Centre Partnership Funding,Watergate Theatre,Ireland,Arts Centres,110000
2022,Arts Centre Partnership Funding,West Cork Arts Centre,Ireland,Arts Centres,260000
2022,Arts Centre Partnership Funding,Wexford Arts Centre,Ireland,Arts Centres,190000
2022,Arts Centre Partnership Funding,Áras Éanna,Ireland,Arts Centres,70000
2022,Arts Grant Funding,Aemi,Ireland,Film,115655
2022,Arts Grant Funding,ANU Productions,Ireland,Theatre,250000
2022,Arts Grant Funding,Architecture On The Edge,Ireland,Architecture,100000
2022,Arts Grant Funding,Artlink Ltd,Ireland,Visual Arts,121900
2022,Arts Grant Funding,Askeaton Contemporary Arts CLG,Ireland,Visual Arts,57500
2022,Arts Grant Funding,Asylum Productions,Ireland,Participatory Arts,90000
2022,Arts Grant Funding,Balor Arts Centre,Ireland,Arts Centres,50000
2022,Arts Grant Funding,Baltimore Fiddle Fair,Ireland,Traditional Arts,50000
2022,Arts Grant Funding,Banshee,Ireland,Literature (English language),75000
2022,Arts Grant Funding,Barnstorm Theatre Company Ltd,Ireland,Children and Young People's Arts,180000
2022,Arts Grant Funding,Branar Dramaiochta Teo,Ireland,Children and Young People's Arts,200000
2022,Arts Grant Funding,Broken Talkers,Ireland,Theatre,206520
2022,Arts Grant Funding,Bullaun Press,Ireland,Literature (English language),22000
2022,Arts Grant Funding,"Burke, Aoife",Ireland,Music,12500
2022,Arts Grant Funding,"Byrne, Aisling",Ireland,Participatory Arts,120000
2022,Arts Grant Funding,Cairde Festival Ltd,Ireland,Festivals and Events,154000
2022,Arts Grant Funding,Callan Workhouse Union,Ireland,Participatory Arts,68000
2022,Arts Grant Funding,Centre For Creative Practices,Ireland,Participatory Arts,70000
2022,Arts Grant Funding,Ceol Connected,Ireland,Traditional Arts,80000
2022,Arts Grant Funding,Cill Rialaig Project Ltd,Ireland,Artists support,85000
2022,Arts Grant Funding,Circus Factory,Ireland,Circus,95958
2022,Arts Grant Funding,Circus Gerbola,Ireland,Circus,34180
2022,Arts Grant Funding,Clifden Arts Society,Ireland,Music,12000
2022,Arts Grant Funding,Clifden Community Arts Week,Ireland,Festivals and Events,115000
2022,Arts Grant Funding,Clonmel Junction Festival,Ireland,Festivals and Events,140000
2022,Arts Grant Funding,Cloughjordan Circus Club,Ireland,Children and Young People's Arts,55965
2022,Arts Grant Funding,Comhar Teoranta,Ireland,Literature (Irish language),46800
2022,Arts Grant Funding,Comharchumann Forbartha Ghaoth Dobhair,Ireland,Traditional Arts,43000
2022,Arts Grant Funding,Common Ground,Ireland,Participatory Arts,100000
2022,Arts Grant Funding,Company Philip Connaughton,Ireland,Dance,160000
2022,Arts Grant Funding,Complex Productions Ltd,Ireland,Arts Centres,60000
2022,Arts Grant Funding,Con Brio,Ireland,Music,16000
2022,Arts Grant Funding,"Conway, Enid",Ireland,Visual Arts,24000
2022,Arts Grant Funding,Cork Community Artlink Ltd,Ireland,Participatory Arts,60000
2022,Arts Grant Funding,Cork International Choral Festival,Ireland,Music,40000
2022,Arts Grant Funding,Cork Orchestral Society,Ireland,Music,40000
2022,Arts Grant Funding,Courthouse Arts Centre,Ireland,Arts Centres,58000
2022,Arts Grant Funding,Courthouse Studios and Gallery,Ireland,Visual Arts,20000
2022,Arts Grant Funding,Crannog Magazine,Ireland,Literature (English language),18000
2022,Arts Grant Funding,Croi Glan Integrated Dance,Ireland,Dance,72000
2022,Arts Grant Funding,"Cross Border Orchestra of Ireland, The",Ireland,Children and Young People's Arts,100000
2022,Arts Grant Funding,Cuirt Intl Festival of Literature,Ireland,Literature (English language),115500
2022,Arts Grant Funding,Curlew Editions Ltd,Ireland,Literature (English language),39800
2022,Arts Grant Funding,Custom House Studios Ltd,Ireland,Visual Arts,20000
2022,Arts Grant Funding,Cyphers Magazine,Ireland,Literature (English language),13000
2022,Arts Grant Funding,Dalen (Llyfrau) Cyf,Ireland,Literature (Irish language),33000
2022,Arts Grant Funding,Dalkey Book Festival,Ireland,Literature (English language),40000
2022,Arts Grant Funding,Dance Theatre of Ireland,Ireland,Participatory Arts,70000
2022,Arts Grant Funding,Dead Centre Theatre Company,Ireland,Theatre,211421
2022,Arts Grant Funding,Decadent Theatre Company,Ireland,Theatre,132845
2022,Arts Grant Funding,"Dias Garcia, Paula",Ireland,Literature (English language),20000
2022,Arts Grant Funding,Doire Press,Ireland,Literature (English language),70000
2022,Arts Grant Funding,Drogheda International Music Series,Ireland,Music,30000
2022,Arts Grant Funding,Dublin Book Festival,Ireland,Literature (English language),80000
2022,Arts Grant Funding,Dublin Circus Project,Ireland,Circus,94000
2022,Arts Grant Funding,Dublin review of books,Ireland,Literature (English language),25000
2022,Arts Grant Funding,Dublin Sound Lab,Ireland,Music,40000
2022,Arts Grant Funding,Dublin Youth Theatre,Ireland,Children and Young People's Arts,95220
2022,Arts Grant Funding,Duffy’s Circus,Ireland,Circus,46000
2022,Arts Grant Funding,Dumbworld Ltd,Ireland,Opera,18900
2022,Arts Grant Funding,Dun Laoghaire Organ Festival,Ireland,Music,12000
2022,Arts Grant Funding,"Emoe, Clodagh",Ireland,Visual Arts,43000
2022,Arts Grant Funding,Ergodos,Ireland,Music,32000
2022,Arts Grant Funding,Fallow Media,Ireland,Literature (English language),13800
2022,Arts Grant Funding,Feasta,Ireland,Literature (Irish language),13000
2022,Arts Grant Funding,Fibin Teo,Ireland,Children and Young People's Arts,90000
2022,Arts Grant Funding,Fighting Words,Ireland,Literature (English language),50000
2022,Arts Grant Funding,Finding A Voice,Ireland,Music,32000
2022,Arts Grant Funding,Fish Publishing,Ireland,Literature (English language),15000
2022,Arts Grant Funding,Four Rivers Theatre Company,Ireland,Theatre,125790
2022,Arts Grant Funding,Friars’ Gate Theatre & Arts,Ireland,Arts Centres,20000
2022,Arts Grant Funding,Futa Fata,Ireland,Literature (Irish language),40000
2022,Arts Grant Funding,"Gaden Gilmartin, Cassia",Ireland,Literature (English language),11500
2022,Arts Grant Funding,Galway Dance Project,Ireland,Dance,50000
2022,Arts Grant Funding,Galway Theatre Festival,Ireland,Festivals and Events,24800
2022,Arts Grant Funding,Gare St Lazare Players Ireland,Ireland,Theatre,99169
2022,Arts Grant Funding,"Gill, Dani",Ireland,Literature (English language),16500
2022,Arts Grant Funding,Goma Gallery Of Modern Art Waterford,Ireland,Visual Arts,24000
2022,Arts Grant Funding,Graffiti Theatre Company Ltd,Ireland,Children and Young People's Arts,213500
2022,Arts Grant Funding,Harp Ireland / Cruit Éireann,Ireland,Traditional Arts,100000
2022,Arts Grant Funding,HATCH Theatre Company,Ireland,Theatre,123958
2022,Arts Grant Funding,"Hearn, Catherine",Ireland,Literature (English language),32000
2022,Arts Grant Funding,Historical Harp Society of Ireland,Ireland,Traditional Arts,43000
2022,Arts Grant Funding,Holy Show,Ireland,Literature (English language),19000
2022,Arts Grant Funding,IBBY Ireland,Ireland,Literature (English language),6000
2022,Arts Grant Funding,Inishowen Carnival Group,Ireland,Street Performance,48213
2022,Arts Grant Funding,Interface,Ireland,Visual Arts,62000
2022,Arts Grant Funding,International Literature Festival Dublin,Ireland,Literature (English language),95000
2022,Arts Grant Funding,Ionad Cultúrtha,Ireland,Traditional Arts,40000
2022,Arts Grant Funding,Irish Arts Review,Ireland,Visual Arts,60000
2022,Arts Grant Funding,Irish Pages,Ireland,Literature (English language),28000
2022,Arts Grant Funding,"Iseli, Alexandre",Ireland,Dance,126000
2022,Arts Grant Funding,Junk Ensemble,Ireland,Dance,115000
2022,Arts Grant Funding,Kaleidoscope Night,Ireland,Music,39000
2022,Arts Grant Funding,Kirkos,Ireland,Music,57000
2022,Arts Grant Funding,Landmark Productions,Ireland,Theatre,250000
2022,Arts Grant Funding,Leabhaircomhar,Ireland,Literature (Irish language),27000
2022,Arts Grant Funding,Light Moves Festival Of Screendance,Ireland,Festivals and Events,41800
2022,Arts Grant Funding,Lilliput Press,Ireland,Literature (English language),105000
2022,Arts Grant Funding,Lismore Castle Arts,Ireland,Visual Arts,60500
2022,Arts Grant Funding,Lismore Music Festival,Ireland,Opera,144327
2022,Arts Grant Funding,Livin Dred Theatre Company,Ireland,Theatre,93738
2022,Arts Grant Funding,Louth Contemporary Music Ltd,Ireland,Music,87000
2022,Arts Grant Funding,Luminosa Music,Ireland,Music,35000
2022,Arts Grant Funding,MART,Ireland,Visual Arts,73000
2022,Arts Grant Funding,"Martin, Tracy",Ireland,Theatre,67175
2022,Arts Grant Funding,Match In The Dark,Ireland,Literature (English language),35000
2022,Arts Grant Funding,"Mc Cague, Elaine",Ireland,Circus,58280
2022,Arts Grant Funding,"McDonnell, Emily Aoibheann",Ireland,Circus,25864
2022,Arts Grant Funding,Mexindex,Ireland,Visual Arts,5000
2022,Arts Grant Funding,Monkeyshine Theatre,Ireland,Children and Young People's Arts,150000
2022,Arts Grant Funding,"Murphy, Luke",Ireland,Dance,127148
2022,Arts Grant Funding,Museum Of Literature Ireland,Ireland,Literature (English language),25000
2022,Arts Grant Funding,Music for Galway,Ireland,Music,76000
2022,Arts Grant Funding,Music for Wexford,Ireland,Music,21000
2022,Arts Grant Funding,Music in Kilkenny,Ireland,Music,30000
2022,Arts Grant Funding,Musici Ireland,Ireland,Music,35000
2022,Arts Grant Funding,National Circus Festival of Ireland,Ireland,Circus,78120
2022,Arts Grant Funding,National String Quartet Foundation,Ireland,Music,70000
2022,Arts Grant Funding,Nenagh Arts Centre,Ireland,Arts Centres,30000
2022,Arts Grant Funding,New Island Books DAC,Ireland,Literature (English language),97000
2022,Arts Grant Funding,New Music Dublin,Ireland,Music,260000
2022,Arts Grant Funding,"Newell, Anna",Ireland,Children and Young People's Arts,201718
2022,Arts Grant Funding,"Noonan, Cliodhna",Ireland,Children and Young People's Arts,24000
2022,Arts Grant Funding,Now And Then Media Ltd.,Ireland,Music,17500
2022,Arts Grant Funding,Ormston House,Ireland,Visual Arts,76000
2022,Arts Grant Funding,Outlandish Theatre Platform,Ireland,Participatory Arts,98000
2022,Arts Grant Funding,Over the Edge,Ireland,Literature (English language),9500
2022,Arts Grant Funding,Pallas Projects/Studios,Ireland,Visual Arts,99990
2022,Arts Grant Funding,Paper Visual Art Journal,Ireland,Visual Arts,49500
2022,Arts Grant Funding,Pipeworks Festival,Ireland,Music,50000
2022,Arts Grant Funding,"Power, Karen",Ireland,Music,18500
2022,Arts Grant Funding,Publishing Ireland,Ireland,Literature (English language),17000
2022,Arts Grant Funding,Quiet Music Ensemble,Ireland,Music,42000
2022,Arts Grant Funding,Resurgam,Ireland,Music,67000
2022,Arts Grant Funding,Sample Studios,Ireland,Visual Arts,43000
2022,Arts Grant Funding,Skein Press,Ireland,Literature (English language),100000
2022,Arts Grant Funding,Sligo Jazz Project,Ireland,Music,62000
2022,Arts Grant Funding,"Smalis, Angeliki",Ireland,Dance,70000
2022,Arts Grant Funding,Source,Ireland,Visual Arts,31500
2022,Arts Grant Funding,South Tipperary Arts Centre,Ireland,Arts Centres,52000
2022,Arts Grant Funding,St John’s Arts Centre,Ireland,Arts Centres,65000
2022,Arts Grant Funding,St Patrick’s Festival,Ireland,Traditional Arts,40000
2022,Arts Grant Funding,Stiúideo Cuan,Ireland,Traditional Arts,40000
2022,Arts Grant Funding,Sundays at Noon / Gallery Music,Ireland,Music,26000
2022,Arts Grant Funding,Super Paua,Ireland,Children and Young People's Arts,98574
2022,Arts Grant Funding,Superprojects,Ireland,Children and Young People's Arts,80576
2022,Arts Grant Funding,Symphony Club of Waterford,Ireland,Music,13000
2022,Arts Grant Funding,Tallaght Community Arts,Ireland,Participatory Arts,100000
2022,Arts Grant Funding,The Ballinglen Arts Foundation,Ireland,Visual Arts,63000
2022,Arts Grant Funding,The Dublin Review,Ireland,Literature (English language),75000
2022,Arts Grant Funding,The Firkin Crane,Ireland,Dance,80000
2022,Arts Grant Funding,The Galway Music Residency,Ireland,Music,71000
2022,Arts Grant Funding,The Glens Centre,Ireland,Arts Centres,51000
2022,Arts Grant Funding,The Journal of Music,Ireland,Music,75000
2022,Arts Grant Funding,The Limerick Theatre And Performance Hub,Ireland,Participatory Arts,70000
2022,Arts Grant Funding,The Mill Theatre,Ireland,Arts Centres,35000
2022,Arts Grant Funding,The O’Brien Press,Ireland,Literature (English language),65000
2022,Arts Grant Funding,The Performance Corporation,Ireland,Theatre,108135
2022,Arts Grant Funding,The Seamus Ennis Cultural Centre,Ireland,Traditional Arts,87000
2022,Arts Grant Funding,The Walls Project,Ireland,Participatory Arts,19000
2022,Arts Grant Funding,Theatre Lovett,Ireland,Children and Young People's Arts,213500
2022,Arts Grant Funding,THISISPOPBABY,Ireland,Theatre,206850
2022,Arts Grant Funding,Tipperary Excel Heritage Company,Ireland,Arts Centres,20000
2022,Arts Grant Funding,Trad Ireland / Traid Éireann,Ireland,Traditional Arts,22350
2022,Arts Grant Funding,Traders in the Area Supporting the Cultural Quarter Ltd,Ireland,Festivals and Events,38000
2022,Arts Grant Funding,Tramp Press,Ireland,Literature (English language),110000
2022,Arts Grant Funding,Tulca,Ireland,Visual Arts,126500
2022,Arts Grant Funding,Upstate Theatre Project,Ireland,Participatory Arts,95000
2022,Arts Grant Funding,Verdant Productions Ltd,Ireland,Theatre,40000
2022,Arts Grant Funding,Waterford Music,Ireland,Music,13272
2022,Arts Grant Funding,Waterford Youth Arts,Ireland,Children and Young People's Arts,90000
2022,Arts Grant Funding,Westport Jazz,Ireland,Music,6090
2022,Arts Grant Funding,WhistleBlast Quartet,Ireland,Children and Young People's Arts,100000
2022,Arts Grant Funding,"White, Louise",Ireland,Theatre,227104
2022,Arts Grant Funding,"Wilson, Ian",Ireland,Music,18000
2022,Arts Grant Funding,Wordwell Ltd,Ireland,Literature (English language),33000
2022,Arts Grant Funding,"Yergainharsian, Nyree",Ireland,Theatre,214280
2022,Arts Grant Funding,Ériu,Ireland,Traditional Arts,53000
2022,Arts Grant Funding,Ó Bhéal,Ireland,Literature (English language),7500
2022,Festivals Investment Scheme,Alliance Francaise,Ireland,Literature (English language),6000
2022,Festivals Investment Scheme,Alternative Entertainments,South Dublin County Council,Participatory Arts,19950
2022,Festivals Investment Scheme,An Goilin Traditional Singers Club,Dublin City Council,Traditional Arts,7000
2022,Festivals Investment Scheme,Ballybunion Arts Festival,Kerry County Council,Multidisciplinary Arts,3500
2022,Festivals Investment Scheme,Ballydehob Jazz Festival,Ireland,Multidisciplinary Arts,19945
2022,Festivals Investment Scheme,Ballyhoura Comhaltas Ceoltoiri Eireann,Limerick County Council,Traditional Arts,19705
2022,Festivals Investment Scheme,Big Bang Festival,Dublin City Council,Music,7000
2022,Festivals Investment Scheme,Birr Festival Of Music & Voice,Ireland,Music,20000
2022,Festivals Investment Scheme,Birr Vintage Week and Arts Festival,Offaly County Council,Multidisciplinary Arts,20000
2022,Festivals Investment Scheme,Blood in the Alley Productions,Ireland,Theatre,34856
2022,Festivals Investment Scheme,Borris Festival of Writing and Ideas,Ireland,Literature (English language),28500
2022,Festivals Investment Scheme,Boyle Arts Festival,Roscommon County Council,Multidisciplinary Arts,34660
2022,Festivals Investment Scheme,Boyne Music Festival,Louth County Council,Music,18016
2022,Festivals Investment Scheme,Bray Literary Festival,Wicklow County Council,Literature (English language),8560
2022,Festivals Investment Scheme,Cape Clear International Storytelling Festival,Cork County Council,Traditional Arts,7000
2022,Festivals Investment Scheme,Carrickmacross Comhaltas,Ireland,Traditional Arts,5300
2022,Festivals Investment Scheme,Cashel Arts Festival,Tipperary County Council,Multidisciplinary Arts,20000
2022,Festivals Investment Scheme,Catalyst Film Festival,Ireland,Film,3500
2022,Festivals Investment Scheme,Ceol na gCruach,Ireland,Traditional Arts,6650
2022,Festivals Investment Scheme,Chamber Music on Valentia,Kerry County Council,Music,19460
2022,Festivals Investment Scheme,Circus Factory,Cork City Council,Circus,19993
2022,Festivals Investment Scheme,Clare Island Folk Festival,Mayo County Council,Traditional Arts,7000
2022,Festivals Investment Scheme,Claremorris Folk Festival,Ireland,Music,2500
2022,Festivals Investment Scheme,Classics Now,Ireland,Literature (English language),7000
2022,Festivals Investment Scheme,Clonakilty International Guitar Festival,Cork County Council,Music,15000
2022,Festivals Investment Scheme,Clonmel Applefest,Tipperary County Council,Multidisciplinary Arts,19835
2022,Festivals Investment Scheme,Cobh Carillon Committee,Ireland,Music,5000
2022,Festivals Investment Scheme,Coiste Cruinniu na BhFliuit,Ireland,Traditional Arts,9720
2022,Festivals Investment Scheme,Consairtín,Ireland,Traditional Arts,15650
2022,Festivals Investment Scheme,Cork Folk Festival,Cork City Council,Traditional Arts,20000
2022,Festivals Investment Scheme,Cork World Book Festival,Ireland,Literature (English language),20000
2022,Festivals Investment Scheme,Cruthú Arts Festival,Longford County Council,Multidisciplinary Arts,7000
2022,Festivals Investment Scheme,Dance2connect,Ireland,Dance,18240
2022,Festivals Investment Scheme,Deel Arts,Limerick County Council,Participatory Arts,4660
2022,Festivals Investment Scheme,Dingle Lit Clg,Kerry County Council,Literature (English language),20000
2022,Festivals Investment Scheme,Drogheda Arts Festival,Ireland,Multidisciplinary Arts,20000
2022,Festivals Investment Scheme,Drogheda Traditional Music Weekend,Louth County Council,Traditional Arts,5500
2022,Festivals Investment Scheme,Dromineer Literary Festival,Tipperary County Council,Literature (English language),15000
2022,Festivals Investment Scheme,East Asia Film Festival Ireland,Ireland,Film,20000
2022,Festivals Investment Scheme,East Cork Early Music Festival,Cork County Council,Music,27500
2022,Festivals Investment Scheme,Ennis Book Club Festival,Ireland,Literature (English language),35000
2022,Festivals Investment Scheme,Fastnet Short Film Festival,Ireland,Film,20000
2022,Festivals Investment Scheme,Feakle International Tradtional Music Festival,Clare County Council,Traditional Arts,7000
2022,Festivals Investment Scheme,Feile Chois Cuain,Ireland,Traditional Arts,7000
2022,Festivals Investment Scheme,Feile na Bealtaine,Ireland,Multidisciplinary Arts,32700
2022,Festivals Investment Scheme,First Cut! Youth Film Project,Ireland,Children and Young People's Arts,34700
2022,Festivals Investment Scheme,First Fortnight,Ireland,Participatory Arts,35000
2022,Festivals Investment Scheme,Féile Bheag Filíochta,Kerry County Council,Literature (Irish language),5150
2022,Festivals Investment Scheme,Féile Na Tána,Ireland,Traditional Arts,9881
2022,Festivals Investment Scheme,Féile Nasc,Ireland,Music,16000
2022,Festivals Investment Scheme,Féile Róise Rua,Ireland,Traditional Arts,19996
2022,Festivals Investment Scheme,Galway Early Music,Ireland,Music,19000
2022,Festivals Investment Scheme,Galway Theatre Festival,Ireland,Theatre,35000
2022,Festivals Investment Scheme,Galway Traveller Movement,Galway City Council,Participatory Arts,20000
2022,Festivals Investment Scheme,Gap Arts Festival,Wexford County Council,Multidisciplinary Arts,12800
2022,Festivals Investment Scheme,Gaze Lgbt Film Festival,Dublin City Council,Film,35000
2022,Festivals Investment Scheme,Glasdrum,Dublin City Council,Music,14475
2022,Festivals Investment Scheme,Grasshoppers Early Years Festival,Ireland,Children and Young People's Arts,4923
2022,Festivals Investment Scheme,Great Music in Irish Houses,Ireland,Music,35000
2022,Festivals Investment Scheme,Historical Harp Society of Ireland,Kilkenny County Council,Traditional Arts,20000
2022,Festivals Investment Scheme,Iniscealtra Arts Festival,Ireland,Multidisciplinary Arts,13900
2022,Festivals Investment Scheme,Inishbofin Community Services Programme,Ireland,Multidisciplinary Arts,8450
2022,Festivals Investment Scheme,Inishbofin Development Company Clg,Galway County Council,Multidisciplinary Arts,6995
2022,Festivals Investment Scheme,Inishbofin Set Dancing,Galway County Council,Traditional Arts,3340
2022,Festivals Investment Scheme,Inishowen Traditional Music Project,Ireland,Traditional Arts,12000
2022,Festivals Investment Scheme,Inishowen Traditional Singers’ Circle,Donegal County Council,Traditional Arts,18380
2022,Festivals Investment Scheme,Islander,Cork City Council,Traditional Arts,14732
2022,Festivals Investment Scheme,John Dwyer Trad Festival,Waterford City and County Council,Traditional Arts,11800
2022,Festivals Investment Scheme,K-fest,Kerry County Council,Multidisciplinary Arts,7000
2022,Festivals Investment Scheme,Keep Her Lit,Kilkenny County Council,Traditional Arts,7000
2022,Festivals Investment Scheme,Kerry Film Festival,Kerry County Council,Film,20000
2022,Festivals Investment Scheme,Kildare County Library,Kildare County Council,Literature (English language),4200
2022,Festivals Investment Scheme,Killaloe Chamber Music Festival,Ireland,Music,18000
2022,Festivals Investment Scheme,Kilrush Comhaltas Ceoltoiri Eireann,Clare County Council,Traditional Arts,10170
2022,Festivals Investment Scheme,Kinsale Literary Festival,Cork County Council,Literature (English language),6600
2022,Festivals Investment Scheme,Laois Youth Dance Ensemble,Laois County Council,Children and Young People's Arts,19700
2022,Festivals Investment Scheme,Limerick Jazz Society,Limerick City Council,Music,35000
2022,Festivals Investment Scheme,Limerick Literary Festival In Honour Of Kate O’Brien,Ireland,Literature (English language),14000
2022,Festivals Investment Scheme,Lismore Castle Arts,Ireland,Children and Young People's Arts,18000
2022,Festivals Investment Scheme,Live Collision Festival,Ireland,Multidisciplinary Arts,35000
2022,Festivals Investment Scheme,LMB Entertainments,Monaghan County Council,Film,10000
2022,Festivals Investment Scheme,Lumen Street Theatre,Limerick County Council,Multidisciplinary Arts,14900
2022,Festivals Investment Scheme,Moth And Butterfly,Ireland,Traditional Arts,7000
2022,Festivals Investment Scheme,Mother Tongues,Ireland,Participatory Arts,20000
2022,Festivals Investment Scheme,Muine Bheag Arts,Carlow County Council,Visual Arts,7000
2022,Festivals Investment Scheme,Murder One Events Ltd,Dun Laoghaire Rathdown County Council,Literature (English language),20000
2022,Festivals Investment Scheme,Music Generation Clare,Ireland,Participatory Arts,7000
2022,Festivals Investment Scheme,Music In Monkstown,Dun Laoghaire Rathdown County Council,Music,17500
2022,Festivals Investment Scheme,National Circus Festival of Ireland,Kerry County Council,Circus,35000
2022,Festivals Investment Scheme,New Ross Piano Festival – Music For New Ross,Wexford County Council,Music,28500
2022,Festivals Investment Scheme,Now And Then Media Ltd.,Ireland,Music,7000
2022,Festivals Investment Scheme,Nyah Festival,Ireland,Traditional Arts,13820
2022,Festivals Investment Scheme,OFFline Film,Offaly County Council,Film,16000
2022,Festivals Investment Scheme,Oidhreacht an Chlair,Ireland,Traditional Arts,16719
2022,Festivals Investment Scheme,Open Ear,Ireland,Music,14433
2022,Festivals Investment Scheme,Oranmore Arts Festival,Ireland,Multidisciplinary Arts,11205
2022,Festivals Investment Scheme,Ortus Festival,Ireland,Music,16220
2022,Festivals Investment Scheme,Patrick O’Keefe Traditional Music Festival,Kerry County Council,Traditional Arts,33435
2022,Festivals Investment Scheme,PhotoIreland Festival,Dublin City Council,Visual Arts,35000
2022,Festivals Investment Scheme,Poetry At The Mills,Fingal County Council,Literature (English language),15000
2022,Festivals Investment Scheme,Polish Arts Festival,Limerick City Council,Multidisciplinary Arts,19972
2022,Festivals Investment Scheme,Portumna Arts Group,Galway County Council,Multidisciplinary Arts,20000
2022,Festivals Investment Scheme,Rogu,Cork County Council,Circus,6000
2022,Festivals Investment Scheme,Scoil Acla,Mayo County Council,Traditional Arts,20000
2022,Festivals Investment Scheme,Scoil Cheoil an Earraigh,Ireland,Traditional Arts,20000
2022,Festivals Investment Scheme,Scripts Ireland’s Playwriting Festival,Offaly County Council,Theatre,13000
2022,Festivals Investment Scheme,Seamus Grant Festival,Donegal County Council,Traditional Arts,6000
2022,Festivals Investment Scheme,Sean-Nos Cois Life,Ireland,Traditional Arts,7000
2022,Festivals Investment Scheme,Skibbereen Arts Festival,Cork County Council,Multidisciplinary Arts,20000
2022,Festivals Investment Scheme,Sligo Festival of Baroque Music,Sligo County Council,Music,27000
2022,Festivals Investment Scheme,Smashing Times Theatre Company,Dublin City Council,Participatory Arts,20000
2022,Festivals Investment Scheme,South Sligo Summer School,Sligo County Council,Traditional Arts,20000
2022,Festivals Investment Scheme,Spike (alternative Cello Festival),Ireland,Music,10560
2022,Festivals Investment Scheme,Spleodar – Nenagh Community Arts Festival,Tipperary County Council,Children and Young People's Arts,20000
2022,Festivals Investment Scheme,St Nicholas National School,Galway County Council,Children and Young People's Arts,7000
2022,Festivals Investment Scheme,The Ballincollig Winter Music Festival Committee,Ireland,Traditional Arts,10000
2022,Festivals Investment Scheme,The Dinny Delaney Festival Of Uilleann Pipers,Ireland,Traditional Arts,5220
2022,Festivals Investment Scheme,The Eugene O’Neill International Festival Of Theatre,Wexford County Council,Theatre,7000
2022,Festivals Investment Scheme,The Leitrim Dance Project,Ireland,Traditional Arts,14400
2022,Festivals Investment Scheme,The Producers,Dublin City Council,Children and Young People's Arts,20000
2022,Festivals Investment Scheme,The Walls Project,Waterford City and County Council,Visual Arts,17000
2022,Festivals Investment Scheme,Three Rings Festival,Galway County Council,Theatre,6999
2022,Festivals Investment Scheme,Tionól Niocláis Tóibín,Ireland,Traditional Arts,7000
2022,Festivals Investment Scheme,Tipperary Dance,Tipperary County Council,Dance,20000
2022,Festivals Investment Scheme,Tribes Youth Arts Festival,Galway County Council,Children and Young People's Arts,7000
2022,Festivals Investment Scheme,Tullamore Tradfest,Ireland,Traditional Arts,3000
2022,Festivals Investment Scheme,University Concert Hall Limerick,Ireland,Music,14000
2022,Festivals Investment Scheme,Waterford Arts Festival Limited,Waterford City and County Council,Multidisciplinary Arts,14800
2022,Festivals Investment Scheme,Waterford International Organ Festival,Ireland,Music,3000
2022,Festivals Investment Scheme,West Wicklow Festival,Ireland,Music,35000
2022,Festivals Investment Scheme,Westival Westport Music & Arts Festival,Mayo County Council,Multidisciplinary Arts,26400
2022,Festivals Investment Scheme,Westport Festival of Chamber Music,Mayo County Council,Music,33500
2022,Festivals Investment Scheme,Westport Folk And Bluegrass Festival,Ireland,Music,3000
2022,Festivals Investment Scheme,Wex-art,Wexford County Council,Visual Arts,20000
2022,Festivals Investment Scheme,Wicklow Screendance Laboratory,Ireland,Dance,13000
2022,Festivals Investment Scheme,Write By The Sea,Wexford County Council,Literature (English language),20000
2022,Festivals Investment Scheme,Éigse Dhiarmuid Ui Shúilleabháin,Cork County Council,Traditional Arts,8500
2022,Strategic Funding,Age and Opportunity,Ireland,Participatory Arts,237000
2022,Strategic Funding,Arts & Disability Ireland,Ireland,Participatory Arts,309000
2022,Strategic Funding,Baboró International Arts Festival for Children,Ireland,Children and Young People's Arts,380000
2022,Strategic Funding,Ballet Ireland,Ireland,Dance,470000
2022,Strategic Funding,Bewley’s Cafe Theatre,Ireland,Theatre,74250
2022,Strategic Funding,Black Church Print Studio,Ireland,Visual Arts,97000
2022,Strategic Funding,Blue Raincoat Theatre Company,Ireland,Theatre,249700
2022,Strategic Funding,Butler Gallery,Ireland,Visual Arts,490000
2022,Strategic Funding,Cairdeas na bhFidiléirí,Ireland,Traditional Arts,50000
2022,Strategic Funding,Carlow Arts Festival,Ireland,Festivals and Events,235000
2022,Strategic Funding,Chamber Choir Ireland,Ireland,Music,625000
2022,Strategic Funding,Children’s Books Ireland,Ireland,Children and Young People's Arts,370000
2022,Strategic Funding,Cló Iar-Chonnachta Teo,Ireland,Literature (English language),95000
2022,Strategic Funding,CoisCeim Dance Theatre,Ireland,Dance,345000
2022,Strategic Funding,Corcadorca Theatre Company Ltd,Ireland,Theatre,210000
2022,Strategic Funding,Cork International Film Festival,Ireland,Film,230000
2022,Strategic Funding,Cork Midsummer Festival,Ireland,Festivals and Events,450000
2022,Strategic Funding,Cork Printmakers,Ireland,Visual Arts,83950
2022,Strategic Funding,Crash Ensemble,Ireland,Music,310000
2022,Strategic Funding,Create,Ireland,Participatory Arts,375000
2022,Strategic Funding,Dance Ireland,Ireland,Dance,398800
2022,Strategic Funding,Dance Limerick,Ireland,Dance,280600
2022,Strategic Funding,Dedalus Press,Ireland,Literature (English language),115000
2022,Strategic Funding,Druid Theatre Company,Ireland,Theatre,1172400
2022,Strategic Funding,Dublin Dance Festival,Ireland,Dance,535000
2022,Strategic Funding,Dublin Fringe Festival,Ireland,Festivals and Events,520869
2022,Strategic Funding,Dublin International Film Festival [ARN 3078 pre 2002],Ireland,Film,170000
2022,Strategic Funding,Dublin Theatre Festival,Ireland,Theatre,1050900
2022,Strategic Funding,Dublin Youth Dance Company,Ireland,Children and Young People's Arts,110255
2022,Strategic Funding,Earagail Arts Festival,Ireland,Festivals and Events,300000
2022,Strategic Funding,eva International,Ireland,Visual Arts,300400
2022,Strategic Funding,Fidget Feet,Ireland,Circus,187000
2022,Strategic Funding,Fire Station Artists’ Studios,Ireland,Visual Arts,439495
2022,Strategic Funding,First Music Contact,Ireland,Music,210000
2022,Strategic Funding,Fishamble Theatre Company,Ireland,Theatre,379200
2022,Strategic Funding,Fresh Film,Ireland,Children and Young People's Arts,90000
2022,Strategic Funding,Galway Arts Festival,Ireland,Festivals and Events,915000
2022,Strategic Funding,Galway Community Circus,Ireland,Children and Young People's Arts,185000
2022,Strategic Funding,Galway Film Fleadh,Ireland,Film,150000
2022,Strategic Funding,"Gate Theatre, The",Ireland,Theatre,2250000
2022,Strategic Funding,Graphic Studio Dublin,Ireland,Visual Arts,105600
2022,Strategic Funding,Helium Children’s Arts & Health,Ireland,Participatory Arts,104000
2022,Strategic Funding,Highlanes Gallery,Ireland,Visual Arts,105000
2022,Strategic Funding,Improvised Music Company,Ireland,Music,303200
2022,Strategic Funding,IMRAM,Ireland,Literature (English language),149000
2022,Strategic Funding,Irish Aerial Creation Centre,Ireland,Circus,179200
2022,Strategic Funding,Irish Architectural Archive,Ireland,Architecture,375000
2022,Strategic Funding,Irish Architecture Foundation,Ireland,Architecture,300000
2022,Strategic Funding,Irish Association of Youth Orchestras,Ireland,Children and Young People's Arts,280000
2022,Strategic Funding,Irish Baroque Orchestra,Ireland,Music,340000
2022,Strategic Funding,Irish Chamber Orchestra,Ireland,Music,1241800
2022,Strategic Funding,Irish Film Institute,Ireland,Film,960000
2022,Strategic Funding,Irish Modern Dance Theatre,Ireland,Dance,185000
2022,Strategic Funding,Irish National Opera,Ireland,Opera,4316312
2022,Strategic Funding,Irish National Youth Ballet Company,Ireland,Children and Young People's Arts,90000
2022,Strategic Funding,"Irish Street Arts, Circus And Spectacle Network",Ireland,Circus,168000
2022,Strategic Funding,Irish Theatre Institute,Ireland,Theatre,316800
2022,Strategic Funding,Irish Traditional Music Archive,Ireland,Traditional Arts,950000
2022,Strategic Funding,Irish Writers’ Centre,Ireland,Literature (English language),235000
2022,Strategic Funding,KCAT,Ireland,Participatory Arts,88000
2022,Strategic Funding,Kids’ Own,Ireland,Children and Young People's Arts,120000
2022,Strategic Funding,Kilkenny Arts Festival,Ireland,Festivals and Events,550000
2022,Strategic Funding,LD Dance Shawbrook,Ireland,Dance,72000
2022,Strategic Funding,Leitrim Sculpture Centre,Ireland,Visual Arts,286405
2022,Strategic Funding,Lewis Glucksman Gallery,Ireland,Visual Arts,107000
2022,Strategic Funding,Limerick City Gallery of Art,Ireland,Visual Arts,161000
2022,Strategic Funding,Limerick Printmakers,Ireland,Visual Arts,75000
2022,Strategic Funding,Literature Ireland,Ireland,Literature (English language),325000
2022,Strategic Funding,Little Island,Ireland,Literature (English language),120000
2022,Strategic Funding,Liz Roche Company,Ireland,Dance,270000
2022,Strategic Funding,Macnas,Ireland,Street Performance,361000
2022,Strategic Funding,Munster Literature Centre,Ireland,Literature (English language),180000
2022,Strategic Funding,Music Network,Ireland,Music,670000
2022,Strategic Funding,National Irish Visual Arts Library,Ireland,Visual Arts,83000
2022,Strategic Funding,National Sculpture Factory Cork,Ireland,Visual Arts,333200
2022,Strategic Funding,National Youth Council of Ireland,Ireland,Children and Young People's Arts,110000
2022,Strategic Funding,National Youth Orchestra of Ireland,Ireland,Children and Young People's Arts,65000
2022,Strategic Funding,"New Theatre, The",Ireland,Theatre,100000
2022,Strategic Funding,Pan Pan Theatre Company,Ireland,Theatre,351400
2022,Strategic Funding,Poetry Ireland/Eigse Eireann,Ireland,Literature (English language),450000
2022,Strategic Funding,"Píobairí Uilleann Teoranta, Na",Ireland,Traditional Arts,520000
2022,Strategic Funding,Rough Magic Theatre Company,Ireland,Theatre,321600
2022,Strategic Funding,Royal Hibernian Academy of Arts,Ireland,Visual Arts,487000
2022,Strategic Funding,Salmon Poetry,Ireland,Literature (English language),110000
2022,Strategic Funding,Scoil Samhraidh Willie Clancy,Ireland,Traditional Arts,100000
2022,Strategic Funding,Sing Ireland,Ireland,Music,315000
2022,Strategic Funding,Teac Damsa,Ireland,Dance,290000
2022,Strategic Funding,Temple Bar Gallery & Studios Ltd,Ireland,Visual Arts,490000
2022,Strategic Funding,The Ark,Ireland,Children and Young People's Arts,705000
2022,Strategic Funding,The Contemporary Music Centre,Ireland,Music,415000
2022,Strategic Funding,The Douglas Hyde Gallery,Ireland,Visual Arts,357000
2022,Strategic Funding,The Gallery of Photography,Ireland,Visual Arts,277150
2022,Strategic Funding,The Gallery Press,Ireland,Literature (English language),200000
2022,Strategic Funding,The Stinging Fly,Ireland,Literature (English language),168000
2022,Strategic Funding,Tyrone Guthrie Centre,Ireland,Artists support,369900
2022,Strategic Funding,United Fall,Ireland,Dance,210000
2022,Strategic Funding,Visual Artists Ireland,Ireland,Visual Arts,300000
2022,Strategic Funding,Waterford Healing Arts Trust,Ireland,Participatory Arts,172000
2022,Strategic Funding,Waterford Spraoi,Ireland,Spectacle,400000
2022,Strategic Funding,West Cork Music,Ireland,Music,445000
2022,Strategic Funding,Wexford Festival Opera,Ireland,Opera,1635000
2022,Strategic Funding,Writers’ Week,Ireland,Literature (English language),65000
2022,Strategic Funding,Young Irish Film Makers,Ireland,Children and Young People's Arts,84420
2022,Strategic Funding,Youth Theatre Ireland,Ireland,Children and Young People's Arts,300000
2023,Arts Centre Partnership Funding,An Grianán Theatre,Ireland,Arts Centres,155000
2023,Arts Centre Partnership Funding,An Táin Arts Centre,Ireland,Arts Centres,100000
2023,Arts Centre Partnership Funding,Axis Arts Centre,Ireland,Arts Centres,135000
2023,Arts Centre Partnership Funding,Backstage Theatre,Ireland,Arts Centres,265000
2023,Arts Centre Partnership Funding,Ballina Arts Centre,Ireland,Arts Centres,55000
2023,Arts Centre Partnership Funding,Civic Theatre,Ireland,Arts Centres,280000
2023,Arts Centre Partnership Funding,Draíocht Arts Centre,Ireland,Arts Centres,245000
2023,Arts Centre Partnership Funding,Droichead Arts Centre,Ireland,Arts Centres,280000
2023,Arts Centre Partnership Funding,Dunamaise Arts Centre,Ireland,Arts Centres,125000
2023,Arts Centre Partnership Funding,Everyman,Ireland,Arts Centres,300000
2023,Arts Centre Partnership Funding,Galway Arts Centre,Ireland,Arts Centres,190000
2023,Arts Centre Partnership Funding,Garage Theatre,Ireland,Arts Centres,71000
2023,Arts Centre Partnership Funding,Garter Lane Arts Centre,Ireland,Arts Centres,260000
2023,Arts Centre Partnership Funding,Glór,Ireland,Arts Centres,220000
2023,Arts Centre Partnership Funding,Hawk’s Well Theatre,Ireland,Arts Centres,300000
2023,Arts Centre Partnership Funding,Linenhall Arts Centre,Ireland,Arts Centres,255000
2023,Arts Centre Partnership Funding,Mermaid Arts Centre,Ireland,Arts Centres,300000
2023,Arts Centre Partnership Funding,New Smock Alley,Ireland,Arts Centres,115000
2023,Arts Centre Partnership Funding,Pavilion Theatre,Ireland,Arts Centres,215000
2023,Arts Centre Partnership Funding,Project Arts Centre,Ireland,Arts Centres,940000
2023,Arts Centre Partnership Funding,Ramor Theatre | Town Hall Cavan,Ireland,Arts Centres,90000
2023,Arts Centre Partnership Funding,Regional Cultural Centre,Ireland,Arts Centres,180000
2023,Arts Centre Partnership Funding,Riverbank Arts Centre,Ireland,Arts Centres,120000
2023,Arts Centre Partnership Funding,Roscommon Arts Centre,Ireland,Arts Centres,160000
2023,Arts Centre Partnership Funding,RUA RED,Ireland,Arts Centres,80000
2023,Arts Centre Partnership Funding,Siamsa Tire Theatre and Arts Centre,Ireland,Arts Centres,310000
2023,Arts Centre Partnership Funding,Sirius Arts Centre,Ireland,Arts Centres,130000
2023,Arts Centre Partnership Funding,Solstice Arts Centre,Ireland,Arts Centres,195000
2023,Arts Centre Partnership Funding,Source Arts Centre,Ireland,Arts Centres,115000
2023,Arts Centre Partnership Funding,The Dock,Ireland,Arts Centres,130000
2023,Arts Centre Partnership Funding,The Lime Tree Belltable,Ireland,Arts Centres,270000
2023,Arts Centre Partnership Funding,The Model,Ireland,Arts Centres,300000
2023,Arts Centre Partnership Funding,Theatre Forum Ireland,Ireland,Arts Centres,255000
2023,Arts Centre Partnership Funding,Town Hall Theatre,Ireland,Arts Centres,190000
2023,Arts Centre Partnership Funding,Triskel Arts Centre,Ireland,Arts Centres,230000
2023,Arts Centre Partnership Funding,VISUAL Centre for Contemporary Art & the George Bernard Shaw Theatre,Ireland,Arts Centres,220000
2023,Arts Centre Partnership Funding,Waterford Theatre Royal Society,Ireland,Arts Centres,100000
2023,Arts Centre Partnership Funding,Watergate Theatre,Ireland,Arts Centres,115000
2023,Arts Centre Partnership Funding,West Cork Arts Centre,Ireland,Arts Centres,280000
2023,Arts Centre Partnership Funding,Wexford Arts Centre,Ireland,Arts Centres,200000
2023,Arts Centre Partnership Funding,Áras Éanna,Ireland,Arts Centres,75000
2023,Arts Grant Funding,Achill Heinrich Boll Association,Ireland,Artists support,26150
2023,Arts Grant Funding,Aemi,Ireland,Film,120000
2023,Arts Grant Funding,Amateur Drama Council of Ireland,Ireland,Theatre,36000
2023,Arts Grant Funding,"Andonovska, Lina",Ireland,Music,19000
2023,Arts Grant Funding,ANU Productions,Ireland,Theatre,207000
2023,Arts Grant Funding,Architecture at the Edge,Ireland,Architecture,100000
2023,Arts Grant Funding,Artlink Ltd,Ireland,Visual Arts,122000
2023,Arts Grant Funding,Askeaton Contemporary Arts CLG,Ireland,Visual Arts,65000
2023,Arts Grant Funding,Asylum Productions,Ireland,Participatory Arts,70000
2023,Arts Grant Funding,Athlone Arts And Tourism Ltd,Ireland,Visual Arts,40000
2023,Arts Grant Funding,Attic Projects,Ireland,Dance,120761
2023,Arts Grant Funding,Ballina 2023,Ireland,Festivals and Events,54500
2023,Arts Grant Funding,Balor Arts Centre,Ireland,Arts Centres,50000
2023,Arts Grant Funding,Baltimore Fiddle Fair,Ireland,Traditional Arts,60000
2023,Arts Grant Funding,Banshee,Ireland,Literature (English language),75000
2023,Arts Grant Funding,Barnstorm Theatre Company Ltd,Ireland,Children and Young People's Arts,200000
2023,Arts Grant Funding,Birr Theatre & Arts Centre,Ireland,Arts Centres,40000
2023,Arts Grant Funding,Branar Dramaiochta Teo,Ireland,Children and Young People's Arts,230000
2023,Arts Grant Funding,Bray Jazz Festival,Ireland,Music,75000
2023,Arts Grant Funding,Broken Talkers,Ireland,Theatre,212000
2023,Arts Grant Funding,Brokencrow Theatre Company,Ireland,Theatre,198000
2023,Arts Grant Funding,Bullaun Press,Ireland,Literature (English language),30000
2023,Arts Grant Funding,"Burke, Aoife",Ireland,Music,12500
2023,Arts Grant Funding,Cairde Festival Ltd,Ireland,Festivals and Events,165000
2023,Arts Grant Funding,Callan Workhouse Union,Ireland,Participatory Arts,97500
2023,Arts Grant Funding,Centre For Creative Practices,Ireland,Participatory Arts,70000
2023,Arts Grant Funding,Ceol Connected,Ireland,Traditional Arts,87000
2023,Arts Grant Funding,Cill Rialaig Project Ltd,Ireland,Artists support,85000
2023,Arts Grant Funding,Circus Factory,Ireland,Circus,110000
2023,Arts Grant Funding,Clifden Arts Society,Ireland,Music,12000
2023,Arts Grant Funding,Clifden Community Arts Week,Ireland,Festivals and Events,115000
2023,Arts Grant Funding,Clonmel Junction Festival,Ireland,Festivals and Events,150000
2023,Arts Grant Funding,Cloughjordan Circus Club,Ireland,Children and Young People's Arts,75475
2023,Arts Grant Funding,Comhar Teoranta,Ireland,Literature (Irish language),22500
2023,Arts Grant Funding,Common Ground,Ireland,Participatory Arts,110000
2023,Arts Grant Funding,Company Philip Connaughton,Ireland,Dance,165000
2023,Arts Grant Funding,Complex Productions Ltd,Ireland,Arts Centres,85000
2023,Arts Grant Funding,Con Brio,Ireland,Music,17000
2023,Arts Grant Funding,"Conway, Enid",Ireland,Visual Arts,24000
2023,Arts Grant Funding,Cork Community Artlink Ltd,Ireland,Participatory Arts,70000
2023,Arts Grant Funding,Cork International Choral Festival,Ireland,Music,42000
2023,Arts Grant Funding,Cork Opera House,Ireland,Arts Centres,200000
2023,Arts Grant Funding,Cork Orchestral Society,Ireland,Music,44000
2023,Arts Grant Funding,Courthouse Arts Centre,Ireland,Arts Centres,60000
2023,Arts Grant Funding,Courthouse Studios and Gallery,Ireland,Visual Arts,20000
2023,Arts Grant Funding,Crannog Magazine,Ireland,Literature (English language),24000
2023,Arts Grant Funding,"Cross Border Orchestra of Ireland, The",Ireland,Children and Young People's Arts,99077
2023,Arts Grant Funding,Cuirt Intl Festival of Literature,Ireland,Literature (English language),128800
2023,Arts Grant Funding,Curlew Editions Ltd,Ireland,Literature (English language),42655
2023,Arts Grant Funding,Custom House Studios Ltd,Ireland,Visual Arts,20000
2023,Arts Grant Funding,Cyphers Magazine,Ireland,Literature (English language),14200
2023,Arts Grant Funding,Dalen (Llyfrau) Cyf,Ireland,Literature (Irish language),38000
2023,Arts Grant Funding,Dalkey Book Festival,Ireland,Literature (English language),50000
2023,Arts Grant Funding,Dance Theatre of Ireland,Ireland,Participatory Arts,70000
2023,Arts Grant Funding,"Davis, Joan",Ireland,Dance,80000
2023,Arts Grant Funding,Dead Centre Theatre Company,Ireland,Theatre,277000
2023,Arts Grant Funding,Decadent Theatre Company,Ireland,Theatre,93000
2023,Arts Grant Funding,"Dias Garcia, Paula",Ireland,Literature (English language),20000
2023,Arts Grant Funding,Doire Press,Ireland,Literature (English language),80000
2023,Arts Grant Funding,Drama League of Ireland,Ireland,Theatre,31000
2023,Arts Grant Funding,Drogheda International Music Series,Ireland,Music,40000
2023,Arts Grant Funding,Dublin Book Festival,Ireland,Literature (English language),100000
2023,Arts Grant Funding,Dublin Circus Project,Ireland,Circus,95000
2023,Arts Grant Funding,Dublin Sound Lab,Ireland,Music,40000
2023,Arts Grant Funding,Dublin Youth Theatre,Ireland,Children and Young People's Arts,114960
2023,Arts Grant Funding,Dun Laoghaire Organ Festival,Ireland,Music,14000
2023,Arts Grant Funding,Evlana,Ireland,Music,40250
2023,Arts Grant Funding,Feasta,Ireland,Literature (Irish language),15000
2023,Arts Grant Funding,Festival In A Van,Ireland,Participatory Arts,83000
2023,Arts Grant Funding,Fibin Teo,Ireland,Children and Young People's Arts,130000
2023,Arts Grant Funding,Fighting Words,Ireland,Literature (English language),50000
2023,Arts Grant Funding,Finding A Voice,Ireland,Music,33000
2023,Arts Grant Funding,First Fortnight,Ireland,Festivals and Events,41150
2023,Arts Grant Funding,Fish Publishing,Ireland,Literature (English language),17000
2023,Arts Grant Funding,Four Rivers Theatre Company,Ireland,Theatre,186000
2023,Arts Grant Funding,Friars’ Gate Theatre & Arts,Ireland,Arts Centres,10000
2023,Arts Grant Funding,Futa Fata,Ireland,Literature (Irish language),35750
2023,Arts Grant Funding,"Gaden Gilmartin, Cassia",Ireland,Literature (English language),15000
2023,Arts Grant Funding,Galway Cathedral Recitals,Ireland,Music,5000
2023,Arts Grant Funding,Galway Dance Project,Ireland,Dance,65000
2023,Arts Grant Funding,Galway Theatre Festival,Ireland,Festivals and Events,35900
2023,Arts Grant Funding,Gare St Lazare Players Ireland,Ireland,Theatre,31000
2023,Arts Grant Funding,"Gill, Dani",Ireland,Literature (English language),16500
2023,Arts Grant Funding,Goma Gallery Of Modern Art Waterford,Ireland,Visual Arts,40000
2023,Arts Grant Funding,Gorse,Ireland,Literature (English language),20000
2023,Arts Grant Funding,Graffiti Theatre Company Ltd,Ireland,Children and Young People's Arts,230000
2023,Arts Grant Funding,Hip-hop On Stage,Ireland,Dance,25000
2023,Arts Grant Funding,Historical Harp Society of Ireland,Ireland,Traditional Arts,49000
2023,Arts Grant Funding,Holy Show,Ireland,Literature (English language),22000
2023,Arts Grant Funding,IBBY Ireland,Ireland,Literature (English language),6000
2023,Arts Grant Funding,Inishowen Carnival Group,Ireland,Spectacle,59892
2023,Arts Grant Funding,Interface,Ireland,Visual Arts,62000
2023,Arts Grant Funding,International Literature Festival Dublin,Ireland,Literature (English language),130000
2023,Arts Grant Funding,Ionad Cultúrtha,Ireland,Traditional Arts,42000
2023,Arts Grant Funding,Irish Arts Review,Ireland,Visual Arts,60000
2023,Arts Grant Funding,Irish Composition Summer School,Ireland,Music,8200
2023,Arts Grant Funding,Irish Pages,Ireland,Literature (English language),28000
2023,Arts Grant Funding,Irish Society Of Stage And Screen Designers,Ireland,Theatre,125000
2023,Arts Grant Funding,Junk Ensemble,Ireland,Dance,155000
2023,Arts Grant Funding,Kaleidoscope Night,Ireland,Music,39000
2023,Arts Grant Funding,Kirkos,Ireland,Music,61000
2023,Arts Grant Funding,Landmark Productions,Ireland,Theatre,301000
2023,Arts Grant Funding,Leabhaircomhar,Ireland,Literature (Irish language),22350
2023,Arts Grant Funding,Light Moves Festival Of Screendance,Ireland,Dance,75000
2023,Arts Grant Funding,Lilliput Press,Ireland,Literature (English language),110000
2023,Arts Grant Funding,Lismore Castle Arts,Ireland,Visual Arts,60500
2023,Arts Grant Funding,Lismore Music Festival,Ireland,Opera,163227
2023,Arts Grant Funding,Livin Dred Theatre Company,Ireland,Theatre,64000
2023,Arts Grant Funding,Louth Contemporary Music Ltd,Ireland,Music,92000
2023,Arts Grant Funding,Luminosa Music,Ireland,Music,55000
2023,Arts Grant Funding,Malaprop Theatre,Ireland,Theatre,179000
2023,Arts Grant Funding,MART,Ireland,Visual Arts,80000
2023,Arts Grant Funding,Match In The Dark,Ireland,Literature (English language),10000
2023,Arts Grant Funding,"Mc Cague, Elaine",Ireland,Circus,77176
2023,Arts Grant Funding,"McDonnell, Emily Aoibheann",Ireland,Circus,43995
2023,Arts Grant Funding,Moonfish Theatre,Ireland,Theatre,120000
2023,Arts Grant Funding,"Murphy, Laura",Ireland,Dance,50000
2023,Arts Grant Funding,"Murphy, Orla",Ireland,Literature (English language),20000
2023,Arts Grant Funding,Museum Of Literature Ireland,Ireland,Literature (English language),58950
2023,Arts Grant Funding,Music for Galway,Ireland,Music,82000
2023,Arts Grant Funding,Music for Wexford,Ireland,Music,25000
2023,Arts Grant Funding,Music in Kilkenny,Ireland,Music,30000
2023,Arts Grant Funding,Musici Ireland,Ireland,Music,35000
2023,Arts Grant Funding,National Circus Festival of Ireland,Ireland,Circus,68844
2023,Arts Grant Funding,National String Quartet Foundation,Ireland,Music,70000
2023,Arts Grant Funding,Nenagh Arts Centre,Ireland,Arts Centres,30000
2023,Arts Grant Funding,New Island Books DAC,Ireland,Literature (Irish language),102000
2023,Arts Grant Funding,"Newell, Anna",Ireland,Children and Young People's Arts,190194
2023,Arts Grant Funding,Ormston House,Ireland,Visual Arts,130000
2023,Arts Grant Funding,Outlandish Theatre Platform,Ireland,Participatory Arts,97000
2023,Arts Grant Funding,Over the Edge,Ireland,Literature (English language),14700
2023,Arts Grant Funding,Pallas Projects/Studios,Ireland,Visual Arts,172488
2023,Arts Grant Funding,Paper Lanterns,Ireland,Literature (Irish language),25000
2023,Arts Grant Funding,Paper Visual Art Journal,Ireland,Visual Arts,52000
2023,Arts Grant Funding,PhotoIreland Festival,Ireland,Visual Arts,150000
2023,Arts Grant Funding,Pipeworks Festival,Ireland,Music,52000
2023,Arts Grant Funding,Publishing Ireland,Ireland,Literature (English language),17000
2023,Arts Grant Funding,Quiet Music Ensemble,Ireland,Music,42000
2023,Arts Grant Funding,Resurgam,Ireland,Music,68000
2023,Arts Grant Funding,"Riordan, James",Ireland,Theatre,68000
2023,Arts Grant Funding,Run Of The Mill Arts Clg,Ireland,Participatory Arts,131660
2023,Arts Grant Funding,Sample Studios,Ireland,Visual Arts,100000
2023,Arts Grant Funding,Skein Press,Ireland,Literature (English language),110000
2023,Arts Grant Funding,"Smalis, Angeliki",Ireland,Dance,70000
2023,Arts Grant Funding,Source,Ireland,Visual Arts,31500
2023,Arts Grant Funding,South Tipperary Arts Centre,Ireland,Arts Centres,57000
2023,Arts Grant Funding,St John’s Arts Centre,Ireland,Arts Centres,70000
2023,Arts Grant Funding,St. Patrick’s Festival,Ireland,Traditional Arts,50000
2023,Arts Grant Funding,Stiúideo Cuan,Ireland,Traditional Arts,50000
2023,Arts Grant Funding,"Strain, Kate",Ireland,Visual Arts,50000
2023,Arts Grant Funding,Sundays at Noon / Gallery Music,Ireland,Music,28500
2023,Arts Grant Funding,Superprojects,Ireland,Children and Young People's Arts,116000
2023,Arts Grant Funding,Symphony Club of Waterford,Ireland,Music,13000
2023,Arts Grant Funding,Taking Flight: Education & Performance Ltd.,Ireland,Circus,65000
2023,Arts Grant Funding,Tallaght Community Arts,Ireland,Participatory Arts,110000
2023,Arts Grant Funding,The Ballinglen Arts Foundation,Ireland,Visual Arts,63000
2023,Arts Grant Funding,The Dublin Jazz Co-op,Ireland,Music,18000
2023,Arts Grant Funding,The Dublin Review,Ireland,Literature (English language),86000
2023,Arts Grant Funding,The Firkin Crane,Ireland,Dance,126540
2023,Arts Grant Funding,The Galway Music Residency,Ireland,Music,74000
2023,Arts Grant Funding,The Glens Centre,Ireland,Arts Centres,51000
2023,Arts Grant Funding,The Journal of Music,Ireland,Music,75000
2023,Arts Grant Funding,The Limerick Theatre And Performance Hub,Ireland,Participatory Arts,65000
2023,Arts Grant Funding,The Mill Theatre,Ireland,Arts Centres,35000
2023,Arts Grant Funding,The Momentist,Ireland,Literature (English language),8000
2023,Arts Grant Funding,The O’Brien Press,Ireland,Literature (English language),78000
2023,Arts Grant Funding,The Seamus Ennis Cultural Centre,Ireland,Traditional Arts,97000
2023,Arts Grant Funding,Theatre Lovett,Ireland,Children and Young People's Arts,230602
2023,Arts Grant Funding,THISISPOPBABY,Ireland,Theatre,255000
2023,Arts Grant Funding,Tipperary Dance,Ireland,Dance,120000
2023,Arts Grant Funding,Tipperary Excel Heritage Company,Ireland,Arts Centres,20000
2023,Arts Grant Funding,Tolka Journal,Ireland,Literature (English language),51400
2023,Arts Grant Funding,Trad Ireland / Traid Éireann,Ireland,Traditional Arts,30000
2023,Arts Grant Funding,Traders in the Area Supporting the Cultural Quarter Ltd,Ireland,Festivals and Events,77050
2023,Arts Grant Funding,Tramp Press,Ireland,Literature (English language),112400
2023,Arts Grant Funding,Tulca,Ireland,Visual Arts,130000
2023,Arts Grant Funding,Tullow Road Community Group / Take A Part Carlow,Ireland,Participatory Arts,65000
2023,Arts Grant Funding,Upstate Theatre Project,Ireland,Participatory Arts,85500
2023,Arts Grant Funding,Verdant Productions Ltd,Ireland,Theatre,168000
2023,Arts Grant Funding,Waterford Music,Ireland,Music,13272
2023,Arts Grant Funding,Waterford Youth Arts,Ireland,Children and Young People's Arts,130000
2023,Arts Grant Funding,Westport Jazz,Ireland,Music,9750
2023,Arts Grant Funding,WhistleBlast Quartet,Ireland,Children and Young People's Arts,146691
2023,Arts Grant Funding,Wordwell Ltd,Ireland,Literature (English language),50000
2023,Arts Grant Funding,"Yergainharsian, Nyree",Ireland,Theatre,199000
2023,Arts Grant Funding,Ériu,Ireland,Traditional Arts,60000
2023,Arts Grant Funding,Ó Bhéal,Ireland,Literature (English language),12000
2023,Festivals Investment Scheme,Alliance Francaise,Ireland,Literature (English language),6000
2023,Festivals Investment Scheme,Alternative Entertainments,Ireland,Children and Young People's Arts,9996
2023,Festivals Investment Scheme,Ballydehob Jazz Festival,Ireland,Multidisciplinary Arts,25000
2023,Festivals Investment Scheme,Ballydehob Traditional Music Festival,Ireland,Traditional Arts,4000
2023,Festivals Investment Scheme,Ballyhoura Comhaltas Ceoltoiri Eireann,Ireland,Traditional Arts,19705
2023,Festivals Investment Scheme,Big Bang Festival,Ireland,Music,10000
2023,Festivals Investment Scheme,Birr Festival Of Music & Voice,Ireland,Music,20000
2023,Festivals Investment Scheme,Birr Vintage Week and Arts Festival,Ireland,Multidisciplinary Arts,32350
2023,Festivals Investment Scheme,Blood in the Alley Productions,Ireland,Theatre,43200
2023,Festivals Investment Scheme,Borris Festival of Writing and Ideas,Ireland,Literature (English language),23000
2023,Festivals Investment Scheme,Boyle Arts Festival,Ireland,Multidisciplinary Arts,37000
2023,Festivals Investment Scheme,Boyne Music Festival,Ireland,Music,18106
2023,Festivals Investment Scheme,Cackle Mgmt,Ireland,Multidisciplinary Arts,30000
2023,Festivals Investment Scheme,Cairde na Cruite,Ireland,Traditional Arts,15000
2023,Festivals Investment Scheme,Cape Clear International Storytelling Festival,Ireland,Traditional Arts,7000
2023,Festivals Investment Scheme,Carrickmacross Comhaltas,Ireland,Traditional Arts,6159
2023,Festivals Investment Scheme,Cashel Arts Festival,Ireland,Multidisciplinary Arts,25000
2023,Festivals Investment Scheme,Catalyst Film Festival,Ireland,Film,5000
2023,Festivals Investment Scheme,Cavan Arts Festival,Ireland,Multidisciplinary Arts,16000
2023,Festivals Investment Scheme,Ceol na gCruach,Ireland,Traditional Arts,9120
2023,Festivals Investment Scheme,Chamber Music on Valentia,Ireland,Music,25000
2023,Festivals Investment Scheme,Circus Factory,Ireland,Circus,44980
2023,Festivals Investment Scheme,Clare Island Folk Festival,Ireland,Traditional Arts,7000
2023,Festivals Investment Scheme,Classics Now,Ireland,Literature (English language),10000
2023,Festivals Investment Scheme,Clonakilty International Guitar Festival,Ireland,Music,15000
2023,Festivals Investment Scheme,Clonmel Applefest,Ireland,Multidisciplinary Arts,19702
2023,Festivals Investment Scheme,Cobh Carillon Committee,Ireland,Music,5000
2023,Festivals Investment Scheme,Coirm,Ireland,Traditional Arts,5550
2023,Festivals Investment Scheme,Coiste Cruinniu na BhFliuit,Ireland,Traditional Arts,9165
2023,Festivals Investment Scheme,Comharchumann Forbartha Ghaoth Dobhair,Ireland,Traditional Arts,43000
2023,Festivals Investment Scheme,Common Knowledge,Ireland,Participatory Arts,7000
2023,Festivals Investment Scheme,Consairtín,Ireland,Traditional Arts,15650
2023,Festivals Investment Scheme,Cork Folk Festival,Ireland,Traditional Arts,20000
2023,Festivals Investment Scheme,Cork World Book Festival,Ireland,Literature (English language),25000
2023,Festivals Investment Scheme,Corofin Traditional Festival,Ireland,Traditional Arts,8150
2023,Festivals Investment Scheme,Cruthú Arts Festival,Ireland,Multidisciplinary Arts,6000
2023,Festivals Investment Scheme,Culturekids,Ireland,Circus,9000
2023,Festivals Investment Scheme,Dingle Lit Clg,Ireland,Literature (English language),20000
2023,Festivals Investment Scheme,Dingle New Music Choir And Orchestra,Ireland,Music,2500
2023,Festivals Investment Scheme,Drogheda Arts Festival,Ireland,Multidisciplinary Arts,15000
2023,Festivals Investment Scheme,Drogheda Traditional Music Weekend,Ireland,Traditional Arts,5500
2023,Festivals Investment Scheme,Dromineer Literary Festival,Ireland,Literature (English language),16000
2023,Festivals Investment Scheme,East Asia Film Festival Ireland,Ireland,Film,21000
2023,Festivals Investment Scheme,East Cork Early Music Festival,Ireland,Music,19132
2023,Festivals Investment Scheme,Ennis Book Club Festival,Ireland,Literature (English language),45000
2023,Festivals Investment Scheme,Fastnet Short Film Festival,Ireland,Film,16000
2023,Festivals Investment Scheme,Feile Chois Cuain,Ireland,Traditional Arts,9800
2023,Festivals Investment Scheme,Feile na Bealtaine,Ireland,Multidisciplinary Arts,45000
2023,Festivals Investment Scheme,First Cut! Youth Film Project,Ireland,Children and Young People's Arts,44632
2023,Festivals Investment Scheme,First Fortnight,Ireland,Multidisciplinary Arts,32000
2023,Festivals Investment Scheme,Five Lamps Arts Festival,Ireland,Multidisciplinary Arts,11000
2023,Festivals Investment Scheme,Féile Bheag Filíochta,Ireland,Literature (English language),5600
2023,Festivals Investment Scheme,Féile Na Gréine,Ireland,Music,8487
2023,Festivals Investment Scheme,Féile Na Tána,Ireland,Traditional Arts,9881
2023,Festivals Investment Scheme,Féile Nasc,Ireland,Traditional Arts,16000
2023,Festivals Investment Scheme,Féile Róise Rua,Ireland,Traditional Arts,16557
2023,Festivals Investment Scheme,Galway Theatre Festival,Ireland,Theatre,45000
2023,Festivals Investment Scheme,Galway Traveller Movement,Ireland,Participatory Arts,25000
2023,Festivals Investment Scheme,Gap Arts Festival,Ireland,Multidisciplinary Arts,14500
2023,Festivals Investment Scheme,Gaze Lgbt Film Festival,Ireland,Film,27500
2023,Festivals Investment Scheme,Glasdrum,Ireland,Music,17000
2023,Festivals Investment Scheme,Grasshoppers Early Years Festival,Ireland,Children and Young People's Arts,7000
2023,Festivals Investment Scheme,Great Music in Irish Houses,Ireland,Music,45000
2023,Festivals Investment Scheme,Grey Heron Media,Ireland,Multidisciplinary Arts,42000
2023,Festivals Investment Scheme,Greywood Arts,Ireland,Multidisciplinary Arts,9500
2023,Festivals Investment Scheme,Historical Harp Society of Ireland,Ireland,Traditional Arts,20000
2023,Festivals Investment Scheme,Iniscealtra Arts Festival,Ireland,Multidisciplinary Arts,13800
2023,Festivals Investment Scheme,Inishbofin Community Services Programme,Ireland,Multidisciplinary Arts,7000
2023,Festivals Investment Scheme,Inishbofin Set Dancing,Ireland,Traditional Arts,3340
2023,Festivals Investment Scheme,Inishowen Traditional Music Project,Ireland,Traditional Arts,12000
2023,Festivals Investment Scheme,Inishowen Traditional Singers’ Circle,Ireland,Traditional Arts,24650
2023,Festivals Investment Scheme,Iron Mountain Festival,Ireland,Literature (English language),7600
2023,Festivals Investment Scheme,Jazz In County Kildare,Ireland,Music,8487
2023,Festivals Investment Scheme,John Dwyer Trad Festival,Ireland,Traditional Arts,11800
2023,Festivals Investment Scheme,John McKenna Traditional Society,Ireland,Traditional Arts,4000
2023,Festivals Investment Scheme,K-fest,Ireland,Festivals and Events,9500
2023,Festivals Investment Scheme,Keep Her Lit,Ireland,Traditional Arts,7000
2023,Festivals Investment Scheme,Kerry Film Festival,Ireland,Film,18000
2023,Festivals Investment Scheme,Kildare County Library,Ireland,Literature (English language),6000
2023,Festivals Investment Scheme,Killaloe Chamber Music Festival,Ireland,Music,18000
2023,Festivals Investment Scheme,Kilrush Comhaltas Ceoltoiri Eireann,Ireland,Traditional Arts,10170
2023,Festivals Investment Scheme,Kinsale Arts Weekend,Ireland,Multidisciplinary Arts,5400
2023,Festivals Investment Scheme,Laois Youth Dance Ensemble,Ireland,Children and Young People's Arts,25000
2023,Festivals Investment Scheme,Limerick Jazz Society,Ireland,Music,25000
2023,Festivals Investment Scheme,Lismore Castle Arts,Ireland,Children and Young People's Arts,24797
2023,Festivals Investment Scheme,Live Collision Festival,Ireland,Multidisciplinary Arts,32500
2023,Festivals Investment Scheme,LMB Entertainments,Ireland,Film,10000
2023,Festivals Investment Scheme,Lumen Street Theatre,Ireland,Multidisciplinary Arts,14900
2023,Festivals Investment Scheme,Make A Move,Ireland,Children and Young People's Arts,6770
2023,Festivals Investment Scheme,Micho Russell Festival,Ireland,Traditional Arts,9905
2023,Festivals Investment Scheme,Moth And Butterfly,Ireland,Traditional Arts,10000
2023,Festivals Investment Scheme,Mother Tongues,Ireland,Participatory Arts,20000
2023,Festivals Investment Scheme,Music In Monkstown,Ireland,Music,20000
2023,Festivals Investment Scheme,New Ross Guitar Academy,Ireland,Music,8488
2023,Festivals Investment Scheme,New Ross Piano Festival – Music For New Ross,Ireland,Music,26600
2023,Festivals Investment Scheme,Now And Then Media Ltd.,Ireland,Music,7000
2023,Festivals Investment Scheme,Nyah Festival,Ireland,Traditional Arts,13820
2023,Festivals Investment Scheme,OFFline Film,Ireland,Film,18000
2023,Festivals Investment Scheme,Oidhreacht an Chlair,Ireland,Traditional Arts,16300
2023,Festivals Investment Scheme,Ortus Festival,Ireland,Music,17000
2023,Festivals Investment Scheme,Patrick O’Keefe Traditional Music Festival,Ireland,Traditional Arts,33435
2023,Festivals Investment Scheme,PhotoIreland Festival,Ireland,Visual Arts,45000
2023,Festivals Investment Scheme,Polish Arts Festival,Ireland,Multidisciplinary Arts,20500
2023,Festivals Investment Scheme,Portumna Arts Group,Ireland,Multidisciplinary Arts,20000
2023,Festivals Investment Scheme,Rogu,Ireland,Circus,6250
2023,Festivals Investment Scheme,Sample Studios,Ireland,Visual Arts,10000
2023,Festivals Investment Scheme,Scoil Acla,Ireland,Traditional Arts,20000
2023,Festivals Investment Scheme,Scoil Cheoil an Earraigh,Ireland,Traditional Arts,25000
2023,Festivals Investment Scheme,Sean-Nos Cois Life,Ireland,Traditional Arts,9950
2023,Festivals Investment Scheme,Skibbereen Arts Festival,Ireland,Multidisciplinary Arts,25000
2023,Festivals Investment Scheme,Sligo Festival of Baroque Music,Ireland,Music,32000
2023,Festivals Investment Scheme,Sligo Jazz Project,Ireland,Music,25000
2023,Festivals Investment Scheme,Smashing Times Theatre Company,Ireland,Multidisciplinary Arts,20000
2023,Festivals Investment Scheme,Sonic Vigil,Ireland,Multidisciplinary Arts,7100
2023,Festivals Investment Scheme,South Sligo Summer School,Ireland,Traditional Arts,20000
2023,Festivals Investment Scheme,Spleodar – Nenagh Community Arts Festival,Ireland,Children and Young People's Arts,25000
2023,Festivals Investment Scheme,Still Voices Short Film Festival,Ireland,Film,5000
2023,Festivals Investment Scheme,Stoa,Ireland,Multidisciplinary Arts,6000
2023,Festivals Investment Scheme,Strokestown International Poetry Festival,Ireland,Literature (English language),25000
2023,Festivals Investment Scheme,The Ballincollig Winter Music Festival Committee,Ireland,Traditional Arts,10000
2023,Festivals Investment Scheme,The Dinny Delaney Festival Of Uilleann Pipers,Ireland,Traditional Arts,5220
2023,Festivals Investment Scheme,The Eugene O’Neill International Festival Of Theatre,Ireland,Theatre,4070
2023,Festivals Investment Scheme,The Leitrim Dance Project,Ireland,Traditional Arts,17000
2023,Festivals Investment Scheme,The Soundseekers Audio Festival,Ireland,Participatory Arts,6000
2023,Festivals Investment Scheme,The Walls Project,Ireland,Visual Arts,17000
2023,Festivals Investment Scheme,Three Rings Festival,Ireland,Theatre,9994
2023,Festivals Investment Scheme,Tionól Niocláis Tóibín,Ireland,Traditional Arts,10000
2023,Festivals Investment Scheme,Tipperary Dance,Ireland,Dance,41505
2023,Festivals Investment Scheme,Tullamore Tradfest,Ireland,Traditional Arts,3000
2023,Festivals Investment Scheme,University Concert Hall Limerick,Ireland,Music,14000
2023,Festivals Investment Scheme,Waterford Arts Festival Limited,Ireland,Multidisciplinary Arts,14800
2023,Festivals Investment Scheme,Waterford International Organ Festival,Ireland,Music,5000
2023,Festivals Investment Scheme,West Wicklow Festival,Ireland,Music,45000
2023,Festivals Investment Scheme,Westival Westport Music & Arts Festival,Ireland,Multidisciplinary Arts,35000
2023,Festivals Investment Scheme,Westport Festival of Chamber Music,Ireland,Music,34000
2023,Festivals Investment Scheme,Westport Folk And Bluegrass Festival,Ireland,Music,3000
2023,Festivals Investment Scheme,Wex-art,Ireland,Visual Arts,20000
2023,Festivals Investment Scheme,Wicklow Screendance Laboratory,Ireland,Dance,20000
2023,Festivals Investment Scheme,Write By The Sea,Ireland,Literature (English language),20000
2023,Festivals Investment Scheme,Éigse Dhiarmuid Ui Shúilleabháin,Ireland,Traditional Arts,8500
2023,Strategic Funding,Age and Opportunity,Ireland,Participatory Arts,237000
2023,Strategic Funding,Arts & Disability Ireland,Ireland,Participatory Arts,318000
2023,Strategic Funding,Baboró International Arts Festival for Children,Ireland,Children and Young People's Arts,390750
2023,Strategic Funding,Ballet Ireland,Ireland,Dance,470000
2023,Strategic Funding,Bewley’s Cafe Theatre,Ireland,Theatre,78000
2023,Strategic Funding,Black Church Print Studio,Ireland,Visual Arts,97000
2023,Strategic Funding,Blue Raincoat Theatre Company,Ireland,Theatre,256000
2023,Strategic Funding,Butler Gallery,Ireland,Visual Arts,505000
2023,Strategic Funding,Cairdeas na bhFidiléirí,Ireland,Traditional Arts,50000
2023,Strategic Funding,Carlow Arts Festival,Ireland,Artists support,235000
2023,Strategic Funding,Chamber Choir Ireland,Ireland,Music,625000
2023,Strategic Funding,Children’s Books Ireland,Ireland,Children and Young People's Arts,398440
2023,Strategic Funding,Cló Iar-Chonnachta Teo,Ireland,Literature (English language),95000
2023,Strategic Funding,CoisCeim Dance Theatre,Ireland,Dance,330000
2023,Strategic Funding,Cork International Film Festival,Ireland,Film,230000
2023,Strategic Funding,Cork Midsummer Festival,Ireland,Artists support,440000
2023,Strategic Funding,Cork Printmakers,Ireland,Visual Arts,83950
2023,Strategic Funding,Crash Ensemble,Ireland,Music,310000
2023,Strategic Funding,Create,Ireland,Participatory Arts,375000
2023,Strategic Funding,Dance Ireland,Ireland,Dance,390000
2023,Strategic Funding,Dance Limerick,Ireland,Dance,290000
2023,Strategic Funding,Dedalus Press,Ireland,Literature (English language),115000
2023,Strategic Funding,Druid Theatre Company,Ireland,Theatre,1000000
2023,Strategic Funding,Dublin Dance Festival,Ireland,Dance,550000
2023,Strategic Funding,Dublin Fringe Festival,Ireland,Artists support,609000
2023,Strategic Funding,Dublin International Film Festival,Ireland,Film,170000
2023,Strategic Funding,Dublin Theatre Festival,Ireland,Theatre,1125000
2023,Strategic Funding,Dublin Youth Dance Company,Ireland,Children and Young People's Arts,115000
2023,Strategic Funding,Earagail Arts Festival,Ireland,Artists support,276000
2023,Strategic Funding,eva International,Ireland,Visual Arts,325000
2023,Strategic Funding,Fidget Feet,Ireland,Circus,187000
2023,Strategic Funding,Fire Station Artists’ Studios,Ireland,Visual Arts,439495
2023,Strategic Funding,First Music Contact,Ireland,Music,210000
2023,Strategic Funding,Fishamble Theatre Company,Ireland,Theatre,414000
2023,Strategic Funding,Fresh Film,Ireland,Children and Young People's Arts,110000
2023,Strategic Funding,Galway Arts Festival,Ireland,Artists support,845000
2023,Strategic Funding,Galway Community Circus,Ireland,Children and Young People's Arts,220000
2023,Strategic Funding,Galway Film Fleadh,Ireland,Film,150000
2023,Strategic Funding,"Gate Theatre, The",Ireland,Theatre,2475000
2023,Strategic Funding,Graphic Studio Dublin,Ireland,Visual Arts,105600
2023,Strategic Funding,Harp Ireland / Cruit Éireann,Ireland,Traditional Arts,145000
2023,Strategic Funding,Helium Children’s Arts & Health,Ireland,Participatory Arts,104000
2023,Strategic Funding,Highlanes Gallery,Ireland,Visual Arts,111300
2023,Strategic Funding,Improvised Music Company,Ireland,Music,303200
2023,Strategic Funding,IMRAM,Ireland,Literature (English language),165000
2023,Strategic Funding,Irish Aerial Creation Centre,Ireland,Circus,179200
2023,Strategic Funding,Irish Architectural Archive,Ireland,Architecture,390000
2023,Strategic Funding,Irish Architecture Foundation,Ireland,Architecture,320000
2023,Strategic Funding,Irish Association of Youth Orchestras,Ireland,Children and Young People's Arts,300000
2023,Strategic Funding,Irish Baroque Orchestra,Ireland,Music,340000
2023,Strategic Funding,Irish Chamber Orchestra,Ireland,Music,1241800
2023,Strategic Funding,Irish Film Institute,Ireland,Film,1100000
2023,Strategic Funding,Irish Modern Dance Theatre,Ireland,Dance,190000
2023,Strategic Funding,Irish National Opera,Ireland,Opera,4771312
2023,Strategic Funding,Irish National Youth Ballet Company,Ireland,Children and Young People's Arts,90000
2023,Strategic Funding,"Irish Street Arts, Circus And Spectacle Network",Ireland,Circus,168000
2023,Strategic Funding,Irish Theatre Institute,Ireland,Theatre,332000
2023,Strategic Funding,Irish Traditional Music Archive,Ireland,Traditional Arts,950000
2023,Strategic Funding,Irish Writers’ Centre,Ireland,Literature (English language),250000
2023,Strategic Funding,KCAT,Ireland,Participatory Arts,88000
2023,Strategic Funding,Kids’ Own,Ireland,Children and Young People's Arts,140000
2023,Strategic Funding,Kilkenny Arts Festival,Ireland,Artists support,580000
2023,Strategic Funding,LD Dance Shawbrook,Ireland,Dance,75000
2023,Strategic Funding,Leitrim Sculpture Centre,Ireland,Visual Arts,306500
2023,Strategic Funding,Lewis Glucksman Gallery,Ireland,Visual Arts,107000
2023,Strategic Funding,Limerick City Gallery of Art,Ireland,Visual Arts,171000
2023,Strategic Funding,Limerick Printmakers,Ireland,Visual Arts,75000
2023,Strategic Funding,Literature Ireland,Ireland,Literature (English language),350000
2023,Strategic Funding,Little Island,Ireland,Literature (English language),125000
2023,Strategic Funding,Liz Roche Company,Ireland,Dance,270000
2023,Strategic Funding,Macnas,Ireland,Street Performance,361000
2023,Strategic Funding,Munster Literature Centre,Ireland,Literature (English language),206000
2023,Strategic Funding,Music Network,Ireland,Music,670000
2023,Strategic Funding,National Irish Visual Arts Library,Ireland,Visual Arts,83000
2023,Strategic Funding,National Sculpture Factory Cork,Ireland,Visual Arts,333200
2023,Strategic Funding,National Youth Council of Ireland,Ireland,Children and Young People's Arts,116000
2023,Strategic Funding,National Youth Orchestra of Ireland,Ireland,Children and Young People's Arts,65000
2023,Strategic Funding,New Music Dublin,Ireland,Music,260000
2023,Strategic Funding,"New Theatre, The",Ireland,Theatre,102000
2023,Strategic Funding,Pan Pan Theatre Company,Ireland,Theatre,375000
2023,Strategic Funding,Poetry Ireland/Eigse Eireann,Ireland,Literature (English language),450000
2023,Strategic Funding,"Píobairí Uilleann Teoranta, Na",Ireland,Traditional Arts,520000
2023,Strategic Funding,Rough Magic Theatre Company,Ireland,Theatre,333000
2023,Strategic Funding,Royal Hibernian Academy of Arts,Ireland,Visual Arts,487000
2023,Strategic Funding,Salmon Poetry,Ireland,Literature (English language),115000
2023,Strategic Funding,Scoil Samhraidh Willie Clancy,Ireland,Traditional Arts,125000
2023,Strategic Funding,Sing Ireland,Ireland,Music,315000
2023,Strategic Funding,Teac Damsa,Ireland,Dance,320000
2023,Strategic Funding,Temple Bar Gallery & Studios Ltd,Ireland,Visual Arts,490000
2023,Strategic Funding,The Ark,Ireland,Children and Young People's Arts,711900
2023,Strategic Funding,The Contemporary Music Centre,Ireland,Music,415000
2023,Strategic Funding,The Douglas Hyde Gallery,Ireland,Visual Arts,357000
2023,Strategic Funding,The Gallery of Photography,Ireland,Visual Arts,277150
2023,Strategic Funding,The Gallery Press,Ireland,Literature (English language),180000
2023,Strategic Funding,The Stinging Fly,Ireland,Literature (English language),200000
2023,Strategic Funding,Tyrone Guthrie Centre,Ireland,Artists support,377000
2023,Strategic Funding,United Fall,Ireland,Dance,210000
2023,Strategic Funding,Visual Artists Ireland,Ireland,Visual Arts,300000
2023,Strategic Funding,Waterford Healing Arts Trust,Ireland,Participatory Arts,200000
2023,Strategic Funding,Waterford Spraoi,Ireland,Spectacle,400000
2023,Strategic Funding,West Cork Music,Ireland,Music,445000
2023,Strategic Funding,Wexford Festival Opera,Ireland,Opera,1680000
2023,Strategic Funding,Writers’ Week,Ireland,Literature (English language),70000
2023,Strategic Funding,Young Irish Film Makers,Ireland,Children and Young People's Arts,90000
2023,Strategic Funding,Youth Theatre Ireland,Ireland,Children and Young People's Arts,300000
2024,Arts Centre Partnership Funding,An Grianán Theatre,Donegal County Council,Arts Centres,155000
2024,Arts Centre Partnership Funding,An Táin Arts Centre,Louth County Council,Arts Centres,115225
2024,Arts Centre Partnership Funding,Axis Arts Centre,Dublin City Council,Arts Centres,135000
2024,Arts Centre Partnership Funding,Ballina Arts Centre,Mayo County Council,Arts Centres,55000
2024,Arts Centre Partnership Funding,Civic Theatre,South Dublin County Council,Arts Centres,280000
2024,Arts Centre Partnership Funding,Draíocht Arts Centre,Fingal County Council,Arts Centres,245000
2024,Arts Centre Partnership Funding,Dublin Municipal Theatre,Dublin City Council,Arts Centres,115000
2024,Arts Centre Partnership Funding,Dunamaise Arts Centre,Laois County Council,Arts Centres,125000
2024,Arts Centre Partnership Funding,Galway Arts Centre,Galway City Council,Arts Centres,190000
2024,Arts Centre Partnership Funding,Garage Theatre,Monaghan County Council,Arts Centres,61000
2024,Arts Centre Partnership Funding,Garter Lane Arts Centre,Waterford City and County Council,Arts Centres,260000
2024,Arts Centre Partnership Funding,Glór,Clare County Council,Arts Centres,220000
2024,Arts Centre Partnership Funding,Linenhall Arts Centre,Mayo County Council,Arts Centres,255000
2024,Arts Centre Partnership Funding,Mermaid Arts Centre,Wicklow County Council,Arts Centres,300000
2024,Arts Centre Partnership Funding,Pavilion Theatre,Dun Laoghaire Rathdown County Council,Arts Centres,215000
2024,Arts Centre Partnership Funding,Project Arts Centre,Dublin City Council,Arts Centres,940000
2024,Arts Centre Partnership Funding,Ramor Theatre | Town Hall Cavan,Cavan County Council,Arts Centres,90000
2024,Arts Centre Partnership Funding,Regional Cultural Centre,Donegal County Council,Arts Centres,180000
2024,Arts Centre Partnership Funding,Riverbank Arts Centre,Kildare County Council,Arts Centres,120000
2024,Arts Centre Partnership Funding,Roscommon Arts Centre,Roscommon County Council,Arts Centres,160000
2024,Arts Centre Partnership Funding,RUA RED,South Dublin County Council,Arts Centres,80000
2024,Arts Centre Partnership Funding,Siamsa Tíre Theatre and Arts Centre,Kerry County Council,Arts Centres,310000
2024,Arts Centre Partnership Funding,Sirius Arts Centre,Cork County Council,Arts Centres,130000
2024,Arts Centre Partnership Funding,Source Arts Centre,Tipperary County Council,Arts Centres,115000
2024,Arts Centre Partnership Funding,The Dock,Leitrim County Council,Arts Centres,130000
2024,Arts Centre Partnership Funding,The Model,Sligo County Council,Arts Centres,300000
2024,Arts Centre Partnership Funding,Theatre Forum Ireland,Dublin City Council,Arts Centres,255000
2024,Arts Centre Partnership Funding,Theatre Royal Waterford,Waterford City and County Council,Arts Centres,100000
2024,Arts Centre Partnership Funding,Town Hall Theatre,Galway City Council,Arts Centres,190000
2024,Arts Centre Partnership Funding,Triskel Arts Centre,Cork City Council,Arts Centres,230000
2024,Arts Centre Partnership Funding,VISUAL Centre for Contemporary Art & the George Bernard Shaw Theatre,Carlow County Council,Arts Centres,220000
2024,Arts Centre Partnership Funding,Watergate Theatre,Kilkenny County Council,Arts Centres,115000
2024,Arts Centre Partnership Funding,Áras Éanna,Galway County Council,Arts Centres,75000
2024,Arts Grant Funding,Aerowaves Europe,Ireland,Dance,40000
2024,Arts Grant Funding,ANU Productions,Ireland,Theatre,308000
2024,Arts Grant Funding,Architecture at the Edge,Ireland,Architecture,100000
2024,Arts Grant Funding,Artlink Ltd,Ireland,Visual Arts,132000
2024,Arts Grant Funding,Askeaton Contemporary Arts CLG,Ireland,Visual Arts,70000
2024,Arts Grant Funding,Asylum Productions,Ireland,Participatory Arts,70000
2024,Arts Grant Funding,Athlone Arts And Tourism Ltd,Ireland,Visual Arts,65000
2024,Arts Grant Funding,Attic Projects,Ireland,Dance,155000
2024,Arts Grant Funding,Backwater Artists Group,Ireland,Visual Arts,55000
2024,Arts Grant Funding,Baltimore Fiddle Fair,Ireland,Traditional Arts,85000
2024,Arts Grant Funding,Banshee,Ireland,Literature (English language),75000
2024,Arts Grant Funding,Barnstorm Theatre Company Ltd,Ireland,Children and Young People's Arts,171000
2024,Arts Grant Funding,Birr Theatre & Arts Centre,Ireland,Arts Centres,40000
2024,Arts Grant Funding,Blue Teapot Theatre Company,Ireland,Participatory Arts,100000
2024,Arts Grant Funding,Branar Dramaiochta Teo,Ireland,Children and Young People's Arts,195000
2024,Arts Grant Funding,Bray Jazz Festival,Ireland,Music,75000
2024,Arts Grant Funding,Broken Talkers,Ireland,Theatre,258000
2024,Arts Grant Funding,Brú Theatre,Ireland,Theatre,100000
2024,Arts Grant Funding,Bullaun Press,Ireland,Literature (English language),30000
2024,Arts Grant Funding,Cairde Festival Ltd,Ireland,Festivals and Events,176000
2024,Arts Grant Funding,Callan Workhouse Union,Ireland,Participatory Arts,107000
2024,Arts Grant Funding,"Carrick, Eoghan",Ireland,Theatre,85000
2024,Arts Grant Funding,Centre For Creative Practices,Ireland,Participatory Arts,70000
2024,Arts Grant Funding,Ceol Connected,Ireland,Traditional Arts,100000
2024,Arts Grant Funding,Cill Rialaig Project Ltd,Ireland,Artists support,85000
2024,Arts Grant Funding,Circus Factory,Ireland,Circus,82525
2024,Arts Grant Funding,"Cleary, Cathal",Ireland,Theatre,145000
2024,Arts Grant Funding,Clifden Arts Society,Ireland,Music,12000
2024,Arts Grant Funding,Clifden Community Arts Week,Ireland,Festivals and Events,135000
2024,Arts Grant Funding,Clonmel Junction Festival,Ireland,Festivals and Events,150000
2024,Arts Grant Funding,Cloughjordan Circus Club,Ireland,Children and Young People's Arts,92831
2024,Arts Grant Funding,Comhar Teoranta,Ireland,Literature (Irish language),41064
2024,Arts Grant Funding,Common Ground,Ireland,Participatory Arts,115500
2024,Arts Grant Funding,Complex Productions Ltd,Ireland,Arts Centres,110000
2024,Arts Grant Funding,Con Brio,Ireland,Music,17000
2024,Arts Grant Funding,Cork Community Artlink Ltd,Ireland,Participatory Arts,70000
2024,Arts Grant Funding,Cork International Choral Festival,Ireland,Music,42000
2024,Arts Grant Funding,Cork Opera House,Ireland,Arts Centres,210000
2024,Arts Grant Funding,Cork Orchestral Society,Ireland,Music,44000
2024,Arts Grant Funding,Courthouse Arts Centre,Ireland,Arts Centres,60000
2024,Arts Grant Funding,Courthouse Studios and Gallery,Ireland,Visual Arts,30000
2024,Arts Grant Funding,Cracking Light Productions,Ireland,Children and Young People's Arts,71644
2024,Arts Grant Funding,Crannog Magazine,Ireland,Literature (English language),24000
2024,Arts Grant Funding,Croi Glan Integrated Dance,Ireland,Dance,50000
2024,Arts Grant Funding,Curlew Editions Ltd,Ireland,Literature (English language),45174
2024,Arts Grant Funding,"Curley, Paul",Ireland,Children and Young People's Arts,70000
2024,Arts Grant Funding,Custom House Studios Ltd,Ireland,Visual Arts,30000
2024,Arts Grant Funding,Dalen (Llyfrau) Cyf,Ireland,Literature (Irish language),41800
2024,Arts Grant Funding,Dalkey Book Festival,Ireland,Literature (English language),50000
2024,Arts Grant Funding,Dance Theatre of Ireland,Ireland,Participatory Arts,70000
2024,Arts Grant Funding,"Daniel, Selma",Ireland,Children and Young People's Arts,70000
2024,Arts Grant Funding,Dead Centre Theatre Company,Ireland,Theatre,116000
2024,Arts Grant Funding,Decadent Theatre Company,Ireland,Theatre,154000
2024,Arts Grant Funding,Dedalus Press,Ireland,Literature (English language),115000
2024,Arts Grant Funding,"Dias Garcia, Paula",Ireland,Literature (English language),17000
2024,Arts Grant Funding,Diatribe,Ireland,Music,25000
2024,Arts Grant Funding,Doire Press,Ireland,Literature (English language),88000
2024,Arts Grant Funding,Drogheda International Music Series,Ireland,Music,40000
2024,Arts Grant Funding,Dublin Book Festival,Ireland,Literature (English language),110000
2024,Arts Grant Funding,Dublin Circus Project,Ireland,Circus,33550
2024,Arts Grant Funding,Dublin Sound Lab,Ireland,Music,40000
2024,Arts Grant Funding,Dun Laoghaire Organ Festival,Ireland,Music,14000
2024,Arts Grant Funding,Ergodos,Ireland,Music,13000
2024,Arts Grant Funding,Evlana,Ireland,Music,40250
2024,Arts Grant Funding,Festival In A Van,Ireland,Participatory Arts,87000
2024,Arts Grant Funding,Finding A Voice,Ireland,Music,33000
2024,Arts Grant Funding,First Fortnight,Ireland,Festivals and Events,80000
2024,Arts Grant Funding,Fish Publishing,Ireland,Literature (English language),17000
2024,Arts Grant Funding,Four Rivers Theatre Company,Ireland,Theatre,205000
2024,Arts Grant Funding,Friars’ Gate Theatre & Arts,Ireland,Arts Centres,8150
2024,Arts Grant Funding,Futa Fata,Ireland,Literature (Irish language),48540
2024,Arts Grant Funding,"Gaden Gilmartin, Cassia",Ireland,Literature (English language),16500
2024,Arts Grant Funding,Galway Cathedral Recitals,Ireland,Music,5000
2024,Arts Grant Funding,Galway Dance Project,Ireland,Dance,65000
2024,Arts Grant Funding,Galway Theatre Festival,Ireland,Festivals and Events,40200
2024,Arts Grant Funding,Gare St Lazare Players Ireland,Ireland,Theatre,198000
2024,Arts Grant Funding,Goma Gallery Of Modern Art Waterford,Ireland,Visual Arts,60500
2024,Arts Grant Funding,Gorm Media,Ireland,Children and Young People's Arts,55000
2024,Arts Grant Funding,Graffiti Theatre Company Ltd,Ireland,Children and Young People's Arts,195000
2024,Arts Grant Funding,Greywood Arts,Ireland,Participatory Arts,23000
2024,Arts Grant Funding,HATCH Theatre Company,Ireland,Theatre,169000
2024,Arts Grant Funding,Historical Harp Society of Ireland,Ireland,Traditional Arts,70000
2024,Arts Grant Funding,Holy Show,Ireland,Literature (English language),24200
2024,Arts Grant Funding,Inishowen Carnival Group,Ireland,Spectacle,56461
2024,Arts Grant Funding,Interface,Ireland,Visual Arts,62000
2024,Arts Grant Funding,Ionad Cultúrtha,Ireland,Traditional Arts,50000
2024,Arts Grant Funding,Irish Arts Review,Ireland,Visual Arts,60000
2024,Arts Grant Funding,Irish Composers’ Collective,Ireland,Music,14000
2024,Arts Grant Funding,Irish Composition Summer School,Ireland,Music,8200
2024,Arts Grant Funding,Irish Pages,Ireland,Literature (English language),30800
2024,Arts Grant Funding,Irish Society Of Stage And Screen Designers,Ireland,Theatre,116000
2024,Arts Grant Funding,Irish Women In Jazz,Ireland,Music,9028
2024,Arts Grant Funding,Jazz Ireland,Ireland,Music,29000
2024,Arts Grant Funding,Junk Ensemble,Ireland,Dance,140000
2024,Arts Grant Funding,Kaleidoscope Night,Ireland,Music,39000
2024,Arts Grant Funding,"Kavanagh, Noeline",Ireland,Spectacle,63568
2024,Arts Grant Funding,"Keigher, Anthony",Ireland,Theatre,119000
2024,Arts Grant Funding,Kirkos,Ireland,Music,61000
2024,Arts Grant Funding,Landmark Productions,Ireland,Theatre,515000
2024,Arts Grant Funding,Leabhaircomhar,Ireland,Literature (Irish language),24585
2024,Arts Grant Funding,Leabhar Breac,Ireland,Literature (Irish language),25179
2024,Arts Grant Funding,Light Moves Festival Of Screendance,Ireland,Dance,45000
2024,Arts Grant Funding,Lilliput Press,Ireland,Literature (English language),120000
2024,Arts Grant Funding,Lismore Castle Arts,Ireland,Visual Arts,60500
2024,Arts Grant Funding,Lismore Music Festival,Ireland,Opera,186000
2024,Arts Grant Funding,Livia Records,Ireland,Music,35000
2024,Arts Grant Funding,Louth Contemporary Music Ltd,Ireland,Music,92000
2024,Arts Grant Funding,Luminosa Music,Ireland,Music,55000
2024,Arts Grant Funding,MART,Ireland,Visual Arts,85000
2024,Arts Grant Funding,"Mc Cague, Elaine",Ireland,Circus,21550
2024,Arts Grant Funding,Monkeyshine Theatre,Ireland,Children and Young People's Arts,120000
2024,Arts Grant Funding,Mother Tongues,Ireland,Children and Young People's Arts,45143
2024,Arts Grant Funding,Motion Impulse,Ireland,Circus,30075
2024,Arts Grant Funding,"Murphy, Orla",Ireland,Literature (English language),20000
2024,Arts Grant Funding,Museum Of Literature Ireland,Ireland,Literature (English language),58950
2024,Arts Grant Funding,Music for Galway,Ireland,Music,160000
2024,Arts Grant Funding,Music for Wexford,Ireland,Music,25000
2024,Arts Grant Funding,Music in Kilkenny,Ireland,Music,30000
2024,Arts Grant Funding,Musici Ireland,Ireland,Music,44425
2024,Arts Grant Funding,National Circus Festival of Ireland,Ireland,Circus,98032
2024,Arts Grant Funding,National String Quartet Foundation,Ireland,Music,70000
2024,Arts Grant Funding,Nenagh Arts Centre,Ireland,Arts Centres,30000
2024,Arts Grant Funding,New Island Books DAC,Ireland,Literature (English language),112200
2024,Arts Grant Funding,"Newell, Anna",Ireland,Children and Young People's Arts,200000
2024,Arts Grant Funding,"Nilsson Waller, Maria",Ireland,Dance,60000
2024,Arts Grant Funding,Now And Then Media Ltd.,Ireland,Music,12000
2024,Arts Grant Funding,Ormston House,Ireland,Visual Arts,140000
2024,Arts Grant Funding,Outlandish Theatre Platform,Ireland,Participatory Arts,107000
2024,Arts Grant Funding,Pallas Projects/Studios,Ireland,Visual Arts,204640
2024,Arts Grant Funding,Paper Lanterns,Ireland,Literature (English language),21036
2024,Arts Grant Funding,Paper Visual Art Journal,Ireland,Visual Arts,70000
2024,Arts Grant Funding,PhotoIreland Festival,Ireland,Visual Arts,200000
2024,Arts Grant Funding,Pipeworks Festival,Ireland,Music,52000
2024,Arts Grant Funding,Publishing Ireland,Ireland,Literature (English language),17000
2024,Arts Grant Funding,Resurgam,Ireland,Music,68000
2024,Arts Grant Funding,Run Of The Mill Arts Clg,Ireland,Participatory Arts,144000
2024,Arts Grant Funding,"Seifer, Dor",Ireland,Literature (English language),12000
2024,Arts Grant Funding,Skein Press,Ireland,Literature (English language),121000
2024,Arts Grant Funding,Sligo Jazz Project,Ireland,Music,62000
2024,Arts Grant Funding,Source,Ireland,Visual Arts,31500
2024,Arts Grant Funding,South Tipperary Arts Centre,Ireland,Arts Centres,65000
2024,Arts Grant Funding,St John’s Arts Centre,Ireland,Arts Centres,70000
2024,Arts Grant Funding,St. Patrick’s Festival,Ireland,Traditional Arts,60000
2024,Arts Grant Funding,Stiúideo Cuan,Ireland,Traditional Arts,60000
2024,Arts Grant Funding,"Strain, Kate",Ireland,Visual Arts,55000
2024,Arts Grant Funding,Sundays at Noon / Gallery Music,Ireland,Music,28500
2024,Arts Grant Funding,Super Paua,Ireland,Children and Young People's Arts,85543
2024,Arts Grant Funding,Symphony Club of Waterford,Ireland,Music,13000
2024,Arts Grant Funding,"Szczerek, Mateusz",Ireland,Dance,60000
2024,Arts Grant Funding,Taking Flight: Education & Performance Ltd.,Ireland,Circus,66500
2024,Arts Grant Funding,Tallaght Community Arts,Ireland,Participatory Arts,110000
2024,Arts Grant Funding,The Ballinglen Arts Foundation,Ireland,Visual Arts,63000
2024,Arts Grant Funding,The Dublin Jazz Co-op,Ireland,Music,18000
2024,Arts Grant Funding,The Gallery Press,Ireland,Literature (English language),180000
2024,Arts Grant Funding,The Galway Music Residency,Ireland,Music,74000
2024,Arts Grant Funding,The Glens Centre,Ireland,Arts Centres,51000
2024,Arts Grant Funding,The Journal of Music,Ireland,Music,75000
2024,Arts Grant Funding,The Limerick Theatre And Performance Hub,Ireland,Participatory Arts,65000
2024,Arts Grant Funding,The Mill Theatre,Ireland,Arts Centres,40000
2024,Arts Grant Funding,The O’Brien Press,Ireland,Literature (English language),85800
2024,Arts Grant Funding,The Seamus Ennis Cultural Centre,Ireland,Traditional Arts,103000
2024,Arts Grant Funding,Theatre Lovett,Ireland,Children and Young People's Arts,195000
2024,Arts Grant Funding,THISISPOPBABY,Ireland,Theatre,312000
2024,Arts Grant Funding,Tipperary Dance,Ireland,Dance,120000
2024,Arts Grant Funding,Tolka Journal,Ireland,Literature (English language),57883
2024,Arts Grant Funding,Traders in the Area Supporting the Cultural Quarter Ltd,Ireland,Festivals and Events,101000
2024,Arts Grant Funding,Tramp Press,Ireland,Literature (English language),115000
2024,Arts Grant Funding,Tulca,Ireland,Visual Arts,130000
2024,Arts Grant Funding,Twisted Lane Productions,Ireland,Spectacle,39739
2024,Arts Grant Funding,Type,Ireland,Architecture,25000
2024,Arts Grant Funding,Upstate Theatre Project,Ireland,Participatory Arts,85500
2024,Arts Grant Funding,Veritas,Ireland,Literature (English language),22000
2024,Arts Grant Funding,Waterford Music,Ireland,Music,13272
2024,Arts Grant Funding,Waterford Youth Arts,Ireland,Children and Young People's Arts,130000
2024,Arts Grant Funding,Westport Jazz,Ireland,Music,9750
2024,Arts Grant Funding,WhistleBlast Quartet,Ireland,Children and Young People's Arts,130000
2024,Arts Grant Funding,Wordwell Ltd,Ireland,Literature (English language),55000
2024,Arts Grant Funding,"Young, Catherine",Ireland,Dance,140000
2024,Arts Grant Funding,Ériu,Ireland,Traditional Arts,70000
2024,Arts Grant Funding,Ó Bhéal,Ireland,Literature (English language),13200
2024,Festivals Investment Scheme,Aliceway Ltd T/a Bandit Films,Leitrim County Council,Film,7500
2024,Festivals Investment Scheme,All My Friends,Dublin City Council,Multidisciplinary Arts,5000
2024,Festivals Investment Scheme,Alliance Francaise,Dublin City Council,Literature (English language),6000
2024,Festivals Investment Scheme,Alliance Francaise de Cork,Cork City Council,Film,7150
2024,Festivals Investment Scheme,Alternative Entertainments,South Dublin County Council,Children and Young People's Arts,9998
2024,Festivals Investment Scheme,An Goilin Traditional Singers Club,Dublin City Council,Traditional Arts,7189
2024,Festivals Investment Scheme,Ballydehob Jazz Festival,Cork City Council,Multidisciplinary Arts,25000
2024,Festivals Investment Scheme,Ballyhoura Comhaltas Ceoltoiri Eireann,Limerick City and County Council,Traditional Arts,10000
2024,Festivals Investment Scheme,Barnstorm Theatre Company Ltd,Kilkenny County Council,Children and Young People's Arts,10000
2024,Festivals Investment Scheme,Bere Island Arts Festival,Cork County Council,Multidisciplinary Arts,5000
2024,Festivals Investment Scheme,BETA Festival,Dublin City Council,Multidisciplinary Arts,5000
2024,Festivals Investment Scheme,Birr Festival Of Music & Voice,Offaly County Council,Music,21000
2024,Festivals Investment Scheme,Birr Vintage Week and Arts Festival,Offaly County Council,Multidisciplinary Arts,39031
2024,Festivals Investment Scheme,Blood in the Alley Productions,Cork County Council,Theatre,40000
2024,Festivals Investment Scheme,Borris Festival of Writing and Ideas,Carlow County Council,Literature (English language),23000
2024,Festivals Investment Scheme,Boyle Arts Festival,Roscommon County Council,Multidisciplinary Arts,30000
2024,Festivals Investment Scheme,Boyne Music Festival,Louth County Council,Music,13917
2024,Festivals Investment Scheme,Bród Na Gaeltachta,Donegal County Council,Multidisciplinary Arts,5000
2024,Festivals Investment Scheme,Cackle Mgmt,Dublin City Council,Multidisciplinary Arts,35000
2024,Festivals Investment Scheme,Cairde na Cruite,Louth County Council,Traditional Arts,15000
2024,Festivals Investment Scheme,Cape Clear International Storytelling Festival,Cork County Council,Traditional Arts,5000
2024,Festivals Investment Scheme,Carrickmacross Comhaltas,Monaghan County Council,Traditional Arts,8676
2024,Festivals Investment Scheme,Cashel Arts Festival,South Tipperary County Council,Multidisciplinary Arts,15000
2024,Festivals Investment Scheme,Castleconnell-Ahane-herbertstown,Limerick City and County Council,Traditional Arts,4311
2024,Festivals Investment Scheme,Cavan Arts Festival,Cavan County Council,Multidisciplinary Arts,26447
2024,Festivals Investment Scheme,Ceol na gCruach,Donegal County Council,Traditional Arts,9450
2024,Festivals Investment Scheme,Chamber Music on Valentia,Kerry County Council,Music,18398
2024,Festivals Investment Scheme,Circus Factory,Cork City Council,Circus,49255
2024,Festivals Investment Scheme,Clare Island Film Festival,Mayo County Council,Film,4000
2024,Festivals Investment Scheme,Clare Island Folk Festival,Mayo County Council,Traditional Arts,5000
2024,Festivals Investment Scheme,Classics Now,Dublin City Council,Literature (English language),10000
2024,Festivals Investment Scheme,Clonmel Applefest,Tipperary County Council,Multidisciplinary Arts,18000
2024,Festivals Investment Scheme,Cobh Carillon Committee,Cork County Council,Music,6000
2024,Festivals Investment Scheme,Coinbhinsiúin Lámhchleasaíochta Inis Óirr,South Dublin County Council,Circus,5000
2024,Festivals Investment Scheme,Coirm,Donegal County Council,Traditional Arts,5000
2024,Festivals Investment Scheme,Coiste Cruinniu na BhFliuit,Cork County Council,Traditional Arts,7600
2024,Festivals Investment Scheme,Comharchumann Forbartha Ghaoth Dobhair,Donegal County Council,Traditional Arts,5000
2024,Festivals Investment Scheme,Common Knowledge,Clare County Council,Traditional Arts,5000
2024,Festivals Investment Scheme,Consairtín,Clare County Council,Traditional Arts,15650
2024,Festivals Investment Scheme,Cork Folk Festival,Cork City Council,Traditional Arts,10000
2024,Festivals Investment Scheme,Cork World Book Festival,Cork City Council,Literature (English language),25000
2024,Festivals Investment Scheme,Creative Bandon,Cork County Council,Multidisciplinary Arts,5000
2024,Festivals Investment Scheme,Culturekids,Mayo County Council,Circus,9942
2024,Festivals Investment Scheme,Cúirt Cheoil Na Mban,Galway County Council,Traditional Arts,3000
2024,Festivals Investment Scheme,Dingle Lit Clg,Kerry County Council,Literature (English language),20000
2024,Festivals Investment Scheme,Disability Power Ireland,Dublin City Council,Participatory Arts,7500
2024,Festivals Investment Scheme,Disappear Here Media,Donegal County Council,Film,4500
2024,Festivals Investment Scheme,Disrupt Disability Arts Festival,Dublin City Council,Multidisciplinary Arts,59317
2024,Festivals Investment Scheme,Donegal Town Community Chamber Clg,Donegal County Council,Multidisciplinary Arts,5000
2024,Festivals Investment Scheme,Doulab For Circus And Dance,Wexford County Council,Children and Young People's Arts,9849
2024,Festivals Investment Scheme,Drogheda Arts Festival,Louth County Council,Multidisciplinary Arts,10000
2024,Festivals Investment Scheme,Drogheda Traditional Music Weekend,Louth County Council,Traditional Arts,5000
2024,Festivals Investment Scheme,Dromineer Literary Festival,North Tipperary County Council,Literature (English language),16000
2024,Festivals Investment Scheme,East Asia Film Festival Ireland,Dublin City Council,Film,21300
2024,Festivals Investment Scheme,Ennis Book Club Festival,Clare County Council,Literature (English language),45000
2024,Festivals Investment Scheme,Fastnet Short Film Festival,Cork County Council,Film,15000
2024,Festivals Investment Scheme,Feakle International Tradtional Music Festival,Clare County Council,Traditional Arts,5000
2024,Festivals Investment Scheme,Feile na Bealtaine,Kerry County Council,Multidisciplinary Arts,45000
2024,Festivals Investment Scheme,First Cut! Youth Film Project,Cork County Council,Children and Young People's Arts,45000
2024,Festivals Investment Scheme,Five Lamps Arts Festival,Dublin City Council,Multidisciplinary Arts,14000
2024,Festivals Investment Scheme,Féile Bheag Filíochta,Kerry County Council,Literature (English language),5000
2024,Festivals Investment Scheme,Féile Na Gréine (Limerick),Limerick City and County Council,Music,5517
2024,Festivals Investment Scheme,Féile Na Tána,Louth County Council,Traditional Arts,15000
2024,Festivals Investment Scheme,Féile Nasc,Dublin City Council,Traditional Arts,16000
2024,Festivals Investment Scheme,Féile Róise Rua,Donegal County Council,Traditional Arts,17544
2024,Festivals Investment Scheme,Galway Theatre Festival,Galway City Council,Theatre,40000
2024,Festivals Investment Scheme,Galway Traveller Movement,Galway City Council,Participatory Arts,45000
2024,Festivals Investment Scheme,Gap Arts Festival,Wexford County Council,Multidisciplinary Arts,12000
2024,Festivals Investment Scheme,Gaze Lgbt Film Festival,Dublin City Council,Film,25000
2024,Festivals Investment Scheme,Glasdrum,Dublin City Council,Music,11050
2024,Festivals Investment Scheme,Granard Booktown Festival Clg,Longford County Council,Literature (English language),10000
2024,Festivals Investment Scheme,Grasshoppers Early Years Festival,Dublin City Council,Children and Young People's Arts,7000
2024,Festivals Investment Scheme,Great Music in Irish Houses,Dublin City Council,Music,45000
2024,Festivals Investment Scheme,Greywood Arts,Cork County Council,Multidisciplinary Arts,14200
2024,Festivals Investment Scheme,Hip-hop On Stage,Limerick City and County Council,Dance,15000
2024,Festivals Investment Scheme,Historical Harp Society of Ireland,Kilkenny County Council,Traditional Arts,10000
2024,Festivals Investment Scheme,Iniscealtra Arts Festival,Clare County Council,Multidisciplinary Arts,14000
2024,Festivals Investment Scheme,Inishbofin Community Services Programme,Galway County Council,Multidisciplinary Arts,7000
2024,Festivals Investment Scheme,Inishbofin Set Dancing,Galway County Council,Traditional Arts,3000
2024,Festivals Investment Scheme,Inishowen Traditional Music Project,Donegal County Council,Traditional Arts,19550
2024,Festivals Investment Scheme,Inishowen Traditional Singers’ Circle,Donegal County Council,Traditional Arts,15742
2024,Festivals Investment Scheme,Inniskeen Enterprise Development Group,Monaghan County Council,Multidisciplinary Arts,5000
2024,Festivals Investment Scheme,Iron Mountain Festival,Leitrim County Council,Literature (English language),7600
2024,Festivals Investment Scheme,Islander,Cork City Council,Traditional Arts,8000
2024,Festivals Investment Scheme,John McKenna Traditional Society,Leitrim County Council,Traditional Arts,4000
2024,Festivals Investment Scheme,K-fest,Kerry County Council,Multidisciplinary Arts,9500
2024,Festivals Investment Scheme,Keep Her Lit,Kilkenny County Council,Traditional Arts,5000
2024,Festivals Investment Scheme,Kildare County Library,Kildare County Council,Literature (English language),6000
2024,Festivals Investment Scheme,Killaloe Chamber Music Festival,Clare County Council,Music,24945
2024,Festivals Investment Scheme,Kilrush Comhaltas Ceoltoiri Eireann,Clare County Council,Traditional Arts,6500
2024,Festivals Investment Scheme,Kinsale Literary Festival,Cork County Council,Literature (English language),5000
2024,Festivals Investment Scheme,Laois Youth Dance Ensemble,Laois County Council,Children and Young People's Arts,25000
2024,Festivals Investment Scheme,Limerick Jazz Society,Limerick City and County Council,Music,16250
2024,Festivals Investment Scheme,Limerick Literary Festival In Honour Of Kate O’Brien,Limerick City Council,Literature (English language),14000
2024,Festivals Investment Scheme,Lismore Castle Arts,Waterford City and County Council,Children and Young People's Arts,39782
2024,Festivals Investment Scheme,Live Collision Festival,Dublin City Council,Multidisciplinary Arts,39000
2024,Festivals Investment Scheme,LMB Entertainments,Monaghan County Council,Film,10000
2024,Festivals Investment Scheme,Lumen Street Theatre,Limerick City and County Council,Multidisciplinary Arts,12000
2024,Festivals Investment Scheme,Mide Arts Group,Longford County Council,Participatory Arts,14000
2024,Festivals Investment Scheme,Moth And Butterfly,Galway City Council,Traditional Arts,10000
2024,Festivals Investment Scheme,Mother Tongues,Dublin City Council,Participatory Arts,43800
2024,Festivals Investment Scheme,Motion Chapel,Roscommon County Council,Circus,9740
2024,Festivals Investment Scheme,Murder One Events Ltd,Wicklow County Council,Literature (English language),20000
2024,Festivals Investment Scheme,Music In Monkstown,Dun Laoghaire Rathdown County Council,Music,15148
2024,Festivals Investment Scheme,New Ross Guitar Academy,Wexford County Council,Music,5517
2024,Festivals Investment Scheme,New Ross Piano Festival – Music For New Ross,Wexford County Council,Music,19438
2024,Festivals Investment Scheme,Now And Then Media Ltd.,Limerick City Council,Music,21000
2024,Festivals Investment Scheme,Nyah Festival,Cavan County Council,Traditional Arts,13820
2024,Festivals Investment Scheme,OFFline Film,Offaly County Council,Film,9000
2024,Festivals Investment Scheme,Oidhreacht an Chlair,Clare County Council,Traditional Arts,15832
2024,Festivals Investment Scheme,Open Ear,Cork County Council,Music,28870
2024,Festivals Investment Scheme,Ortus Festival,Cork City Council,Music,22066
2024,Festivals Investment Scheme,Patrick O’Keefe Traditional Music Festival,Kerry County Council,Traditional Arts,15000
2024,Festivals Investment Scheme,Poetry At The Mills,Fingal County Council,Literature (English language),8000
2024,Festivals Investment Scheme,Polish Arts Festival,Limerick City and County Council,Multidisciplinary Arts,10000
2024,Festivals Investment Scheme,Portumna Arts Group,Galway County Council,Multidisciplinary Arts,19000
2024,Festivals Investment Scheme,Resurgam,Dublin City Council,Music,21000
2024,Festivals Investment Scheme,Sample Studios,Cork City Council,Visual Arts,10000
2024,Festivals Investment Scheme,Scoil Acla,Mayo County Council,Traditional Arts,13000
2024,Festivals Investment Scheme,Scripts Ireland’s Playwriting Festival,Offaly County Council,Theatre,17000
2024,Festivals Investment Scheme,Seamus Grant Festival,Donegal County Council,Traditional Arts,4000
2024,Festivals Investment Scheme,Sean-Nos Cois Life,Dublin City Council,Traditional Arts,9950
2024,Festivals Investment Scheme,Seán Corcoran Series,Louth County Council,Traditional Arts,5480
2024,Festivals Investment Scheme,Skibbereen Arts Festival,Cork County Council,Multidisciplinary Arts,26000
2024,Festivals Investment Scheme,Sligo Festival of Baroque Music,Sligo County Council,Music,19776
2024,Festivals Investment Scheme,Something In The Water/headford And District Association,Galway County Council,Multidisciplinary Arts,9070
2024,Festivals Investment Scheme,South Sligo Summer School,Sligo County Council,Traditional Arts,10000
2024,Festivals Investment Scheme,Spike (alternative Cello Festival),Dublin City Council,Music,10560
2024,Festivals Investment Scheme,Spleodar – Nenagh Community Arts Festival,North Tipperary County Council,Children and Young People's Arts,25000
2024,Festivals Investment Scheme,Springmoves Dance Festival,Wexford County Council,Dance,11720
2024,Festivals Investment Scheme,Sticky Fingers Early Years Arts,Louth County Council,Children and Young People's Arts,25000
2024,Festivals Investment Scheme,Strokestown International Poetry Festival,Roscommon County Council,Literature (English language),25000
2024,Festivals Investment Scheme,Summersing!,Cork City Council,Children and Young People's Arts,12000
2024,Festivals Investment Scheme,Sunday’s Child,Limerick City Council,Multidisciplinary Arts,9000
2024,Festivals Investment Scheme,The Ballincollig Winter Music Festival Committee,Cork County Council,Traditional Arts,10000
2024,Festivals Investment Scheme,The Eugene O’Neill International Festival Of Theatre,Wexford County Council,Theatre,3000
2024,Festivals Investment Scheme,The Leitrim Dance Project,Leitrim County Council,Traditional Arts,17000
2024,Festivals Investment Scheme,The Producers,Dublin City Council,Children and Young People's Arts,25000
2024,Festivals Investment Scheme,The Spike Island Literary Festival,Cork County Council,Literature (English language),3000
2024,Festivals Investment Scheme,The Walls Project,Waterford City and County Council,Visual Arts,14000
2024,Festivals Investment Scheme,Three Rings Festival,Galway County Council,Theatre,11500
2024,Festivals Investment Scheme,Tionól Niocláis Tóibín,Waterford City and County Council,Traditional Arts,10000
2024,Festivals Investment Scheme,Tipperary Dance,South Tipperary County Council,Dance,37000
2024,Festivals Investment Scheme,Tread Softly Co. Ltd,Sligo County Council,Participatory Arts,25500
2024,Festivals Investment Scheme,Tullamore Tradfest,Offaly County Council,Traditional Arts,3000
2024,Festivals Investment Scheme,University Concert Hall Limerick,Limerick County Council,Music,14000
2024,Festivals Investment Scheme,Waterford Arts Festival Limited,Waterford City and County Council,Multidisciplinary Arts,21000
2024,Festivals Investment Scheme,Waterford Chamber Music Festival,Waterford City and County Council,Music,2269
2024,Festivals Investment Scheme,Waterford International Organ Festival,Waterford City and County Council,Music,5000
2024,Festivals Investment Scheme,West Wicklow Festival,Wicklow County Council,Music,45000
2024,Festivals Investment Scheme,Westival Westport Music & Arts Festival,Mayo County Council,Multidisciplinary Arts,30500
2024,Festivals Investment Scheme,Westport Festival of Chamber Music,Mayo County Council,Music,22100
2024,Festivals Investment Scheme,Westport Folk And Bluegrass Festival,Mayo County Council,Music,3000
2024,Festivals Investment Scheme,Wex-art,Wexford County Council,Visual Arts,20000
2024,Festivals Investment Scheme,Wicklow Screendance Laboratory,Wicklow County Council,Dance,20000
2024,Festivals Investment Scheme,Write By The Sea,Wexford County Council,Literature (English language),14000
2024,Festivals Investment Scheme,Éigse Dhiarmuid Ui Shúilleabháin,Cork County Council,Traditional Arts,5500
2024,Strategic Funding,Age and Opportunity,Dublin City Council,Participatory Arts,237000
2024,Strategic Funding,Arts & Disability Ireland,Dublin City Council,Participatory Arts,318000
2024,Strategic Funding,Baboró International Arts Festival for Children,Galway City Council,Children and Young People's Arts,380000
2024,Strategic Funding,Ballet Ireland,Meath County Council,Dance,470000
2024,Strategic Funding,Bewley’s Cafe Theatre,Dublin City Council,Theatre,78000
2024,Strategic Funding,Black Church Print Studio,Dublin City Council,Visual Arts,97000
2024,Strategic Funding,Blue Raincoat Theatre Company,Sligo County Council,Theatre,256000
2024,Strategic Funding,Butler Gallery,Kilkenny County Council,Visual Arts,505000
2024,Strategic Funding,Cairdeas na bhFidiléirí,Donegal County Council,Traditional Arts,50000
2024,Strategic Funding,Carlow Arts Festival,Carlow County Council,Festivals and Events,251000
2024,Strategic Funding,Chamber Choir Ireland,Dublin City Council,Music,625000
2024,Strategic Funding,Children’s Books Ireland,Dublin City Council,Children and Young People's Arts,370000
2024,Strategic Funding,Cló Iar-Chonnachta Teo,Galway County Council,Literature (English language),95000
2024,Strategic Funding,CoisCeim Dance Theatre,Dublin City Council,Dance,330000
2024,Strategic Funding,Cork International Film Festival,Cork City Council,Film,230000
2024,Strategic Funding,Cork Midsummer Festival,Cork City Council,Festivals and Events,440000
2024,Strategic Funding,Cork Printmakers,Cork City Council,Visual Arts,83950
2024,Strategic Funding,Crash Ensemble,Dublin City Council,Music,310000
2024,Strategic Funding,Create,Dublin City Council,Participatory Arts,375000
2024,Strategic Funding,Dance Ireland,Dublin City Council,Dance,390000
2024,Strategic Funding,Dance Limerick,Limerick City Council,Dance,290000
2024,Strategic Funding,Druid Theatre Company,Galway City Council,Theatre,1000000
2024,Strategic Funding,Dublin Dance Festival,Dublin City Council,Dance,550000
2024,Strategic Funding,Dublin Fringe Festival,Dublin City Council,Festivals and Events,566000
2024,Strategic Funding,Dublin International Film Festival,Dublin City Council,Film,170000
2024,Strategic Funding,Dublin Theatre Festival,Dublin City Council,Theatre,1125000
2024,Strategic Funding,Dublin Youth Dance Company,Dublin City Council,Children and Young People's Arts,115000
2024,Strategic Funding,Earagail Arts Festival,Donegal County Council,Festivals and Events,284000
2024,Strategic Funding,eva International,Limerick City Council,Visual Arts,325000
2024,Strategic Funding,Fidget Feet,Limerick City and County Council,Circus,187000
2024,Strategic Funding,Fighting Words,Dublin City Council,Children and Young People's Arts,50000
2024,Strategic Funding,Fire Station Artists’ Studios,Dublin City Council,Visual Arts,439495
2024,Strategic Funding,First Music Contact,Dublin City Council,Music,210000
2024,Strategic Funding,Fishamble Theatre Company,Dublin City Council,Theatre,414000
2024,Strategic Funding,Fresh Film,Limerick City Council,Children and Young People's Arts,110000
2024,Strategic Funding,Galway Arts Festival,Galway City Council,Festivals and Events,870000
2024,Strategic Funding,Galway Community Circus,Galway City Council,Children and Young People's Arts,220000
2024,Strategic Funding,Galway Film Fleadh,Galway City Council,Film,150000
2024,Strategic Funding,"Gate Theatre, The",Dublin City Council,Theatre,2475000
2024,Strategic Funding,Graphic Studio Dublin,Dublin City Council,Visual Arts,105600
2024,Strategic Funding,Harp Ireland / Cruit Éireann,Dublin City Council,Traditional Arts,145200
2024,Strategic Funding,Helium Children’s Arts & Health,Westmeath County Council,Participatory Arts,104000
2024,Strategic Funding,Highlanes Gallery,Louth County Council,Visual Arts,111300
2024,Strategic Funding,Improvised Music Company,Dublin City Council,Music,303200
2024,Strategic Funding,IMRAM,Dublin City Council,Literature (English language),165000
2024,Strategic Funding,Irish Aerial Creation Centre,Limerick City and County Council,Circus,179200
2024,Strategic Funding,Irish Architectural Archive,Dublin City Council,Architecture,390000
2024,Strategic Funding,Irish Architecture Foundation,Dublin City Council,Architecture,320000
2024,Strategic Funding,Irish Association of Youth Orchestras,Cork City Council,Children and Young People's Arts,300000
2024,Strategic Funding,Irish Baroque Orchestra,Dublin City Council,Music,340000
2024,Strategic Funding,Irish Chamber Orchestra,Limerick City and County Council,Music,1241800
2024,Strategic Funding,Irish Film Institute,Dublin City Council,Film,1100000
2024,Strategic Funding,Irish Modern Dance Theatre,Dublin City Council,Dance,190000
2024,Strategic Funding,Irish National Opera,Dublin City Council,Opera,4678000
2024,Strategic Funding,Irish National Youth Ballet Company,Dublin City Council,Children and Young People's Arts,90000
2024,Strategic Funding,"Irish Street Arts, Circus And Spectacle Network",Dublin City Council,Circus,168000
2024,Strategic Funding,Irish Theatre Institute,Dublin City Council,Theatre,332000
2024,Strategic Funding,Irish Traditional Music Archive,Dublin City Council,Traditional Arts,950000
2024,Strategic Funding,Irish Writers’ Centre,Dublin City Council,Literature (English language),250000
2024,Strategic Funding,KCAT,Kilkenny County Council,Participatory Arts,88000
2024,Strategic Funding,Kids’ Own,Sligo County Council,Children and Young People's Arts,140000
2024,Strategic Funding,Kilkenny Arts Festival,Kilkenny County Council,Festivals and Events,560000
2024,Strategic Funding,LD Dance Shawbrook,Longford County Council,Dance,75000
2024,Strategic Funding,Leitrim Sculpture Centre,Leitrim County Council,Visual Arts,306500
2024,Strategic Funding,Lewis Glucksman Gallery,Cork City Council,Visual Arts,107000
2024,Strategic Funding,Limerick City Gallery of Art,Limerick City Council,Visual Arts,171000
2024,Strategic Funding,Limerick Printmakers,Limerick City Council,Visual Arts,75000
2024,Strategic Funding,Literature Ireland,Dublin City Council,Literature (English language),350000
2024,Strategic Funding,Little Island,South Dublin County Council,Literature (English language),125000
2024,Strategic Funding,Liz Roche Company,Dublin City Council,Dance,270000
2024,Strategic Funding,Luail Ireland’s National Dance Company Clg,Dublin City Council,Dance,2000000
2024,Strategic Funding,Macnas,Galway City Council,Street Performance,361000
2024,Strategic Funding,Munster Literature Centre,Cork City Council,Literature (English language),206000
2024,Strategic Funding,Music Network,Dublin City Council,Music,670000
2024,Strategic Funding,National Irish Visual Arts Library,Dublin City Council,Visual Arts,83000
2024,Strategic Funding,National Sculpture Factory Cork,Cork City Council,Visual Arts,333200
2024,Strategic Funding,National Youth Council of Ireland,Dublin City Council,Children and Young People's Arts,116000
2024,Strategic Funding,National Youth Orchestra of Ireland,Dublin City Council,Children and Young People's Arts,65000
2024,Strategic Funding,New Music Dublin,Dublin City Council,Music,260000
2024,Strategic Funding,"New Theatre, The",Dublin City Council,Theatre,102000
2024,Strategic Funding,Pan Pan Theatre Company,Dublin City Council,Theatre,375000
2024,Strategic Funding,Poetry Ireland/Eigse Eireann,Dublin City Council,Literature (English language),450000
2024,Strategic Funding,"Píobairí Uilleann Teoranta, Na",Dublin City Council,Traditional Arts,520000
2024,Strategic Funding,Rough Magic Theatre Company,Dublin City Council,Theatre,333000
2024,Strategic Funding,Royal Hibernian Academy of Arts,Dublin City Council,Visual Arts,487000
2024,Strategic Funding,Réalta (previously Waterford Healing Arts Trust),Waterford City and County Council,Participatory Arts,200000
2024,Strategic Funding,Salmon Poetry,Clare County Council,Literature (English language),115000
2024,Strategic Funding,Scoil Samhraidh Willie Clancy,Clare County Council,Traditional Arts,125000
2024,Strategic Funding,Sing Ireland,Limerick City and County Council,Music,315000
2024,Strategic Funding,Teac Damsa,Leitrim County Council,Dance,320000
2024,Strategic Funding,Temple Bar Gallery & Studios Ltd,Dublin City Council,Visual Arts,490000
2024,Strategic Funding,The Ark,Dublin City Council,Children and Young People's Arts,700000
2024,Strategic Funding,The Contemporary Music Centre,Dublin City Council,Music,415000
2024,Strategic Funding,The Douglas Hyde Gallery,Dublin City Council,Visual Arts,357000
2024,Strategic Funding,The Firkin Crane,Cork City Council,Dance,130000
2024,Strategic Funding,The Gallery of Photography,Dublin City Council,Visual Arts,277150
2024,Strategic Funding,The Stinging Fly,Dublin City Council,Literature (English language),200000
2024,Strategic Funding,Tyrone Guthrie Centre,Monaghan County Council,Artists support,377000
2024,Strategic Funding,United Fall,Carlow County Council,Dance,210000
2024,Strategic Funding,Visual Artists Ireland,Dublin City Council,Visual Arts,300000
2024,Strategic Funding,Waterford Spraoi,Waterford City and County Council,Street Performance,400000
2024,Strategic Funding,West Cork Music,Cork County Council,Music,445000
2024,Strategic Funding,Wexford Festival Opera,Wexford County Council,Opera,1773000
2024,Strategic Funding,Writers’ Week,Kerry County Council,Literature (English language),70000
2024,Strategic Funding,Young Irish Film Makers,Kilkenny County Council,Children and Young People's Arts,90000
2024,Strategic Funding,Youth Theatre Ireland,Dublin City Council,Children and Young People's Arts,300000
2025,Arts Centre Partnership Funding,An Grianán Theatre,Donegal County Council,Arts Centres,180000
2025,Arts Centre Partnership Funding,An Táin Arts Centre,Louth County Council,Arts Centres,135000
2025,Arts Centre Partnership Funding,Axis Arts Centre,Dublin City Council,Arts Centres,155000
2025,Arts Centre Partnership Funding,Backstage Theatre,Longford County Council,Arts Centres,275000
2025,Arts Centre Partnership Funding,Ballina Arts Centre,Mayo County Council,Arts Centres,82000
2025,Arts Centre Partnership Funding,Civic Theatre,South Dublin County Council,Arts Centres,317000
2025,Arts Centre Partnership Funding,Draíocht Arts Centre,Fingal County Council,Arts Centres,285000
2025,Arts Centre Partnership Funding,Droichead Arts Centre,Louth County Council,Arts Centres,305000
2025,Arts Centre Partnership Funding,Dublin Municipal Theatre,Dublin City Council,Arts Centres,115000
2025,Arts Centre Partnership Funding,Dunamaise Arts Centre,Laois County Council,Arts Centres,145000
2025,Arts Centre Partnership Funding,Everyman,Cork City Council,Arts Centres,500000
2025,Arts Centre Partnership Funding,Galway Arts Centre,Galway City Council,Arts Centres,225000
2025,Arts Centre Partnership Funding,Garage Theatre,Monaghan County Council,Arts Centres,66000
2025,Arts Centre Partnership Funding,Garter Lane Arts Centre,Waterford City and County Council,Arts Centres,305000
2025,Arts Centre Partnership Funding,Glór,Clare County Council,Arts Centres,255000
2025,Arts Centre Partnership Funding,Hawk’s Well Theatre,Sligo County Council,Arts Centres,310000
2025,Arts Centre Partnership Funding,Linenhall Arts Centre,Mayo County Council,Arts Centres,290000
2025,Arts Centre Partnership Funding,Mermaid Arts Centre,Wicklow County Council,Arts Centres,330000
2025,Arts Centre Partnership Funding,Pavilion Theatre,Dun Laoghaire Rathdown County Council,Arts Centres,250000
2025,Arts Centre Partnership Funding,Project Arts Centre,Dublin City Council,Arts Centres,966000
2025,Arts Centre Partnership Funding,Ramor Theatre | Town Hall Cavan,Cavan County Council,Arts Centres,102000
2025,Arts Centre Partnership Funding,Regional Cultural Centre,Donegal County Council,Arts Centres,205000
2025,Arts Centre Partnership Funding,Riverbank Arts Centre,Kildare County Council,Arts Centres,145000
2025,Arts Centre Partnership Funding,Roscommon Arts Centre,Roscommon County Council,Arts Centres,165000
2025,Arts Centre Partnership Funding,RUA RED,South Dublin County Council,Arts Centres,100000
2025,Arts Centre Partnership Funding,Siamsa Tíre Theatre and Arts Centre,Kerry County Council,Arts Centres,310000
2025,Arts Centre Partnership Funding,Sirius Arts Centre,Cork County Council,Arts Centres,135000
2025,Arts Centre Partnership Funding,Solstice Arts Centre,Meath County Council,Arts Centres,210000
2025,Arts Centre Partnership Funding,Source Arts Centre,Tipperary County Council,Arts Centres,140000
2025,Arts Centre Partnership Funding,The Dock,Leitrim County Council,Arts Centres,156000
2025,Arts Centre Partnership Funding,The Lime Tree Belltable,Limerick City Council,Arts Centres,360000
2025,Arts Centre Partnership Funding,The Model,Sligo County Council,Arts Centres,345000
2025,Arts Centre Partnership Funding,The Performing Arts Forum (previously known as Theatre Forum),Dublin City Council,Arts Centres,290000
2025,Arts Centre Partnership Funding,Theatre Royal Waterford,Waterford City and County Council,Arts Centres,120000
2025,Arts Centre Partnership Funding,Town Hall Theatre,Galway City Council,Arts Centres,215000
2025,Arts Centre Partnership Funding,Triskel Arts Centre,Cork City Council,Arts Centres,253000
2025,Arts Centre Partnership Funding,VISUAL Centre for Contemporary Art & the George Bernard Shaw Theatre,Carlow County Council,Arts Centres,255000
2025,Arts Centre Partnership Funding,Watergate Theatre,Kilkenny County Council,Arts Centres,135000
2025,Arts Centre Partnership Funding,West Cork Arts Centre,Cork County Council,Arts Centres,300000
2025,Arts Centre Partnership Funding,Wexford Arts Centre,Wexford County Council,Arts Centres,220000
2025,Arts Centre Partnership Funding,Áras Éanna,Galway County Council,Arts Centres,96000
2025,Arts Grant Funding,Aemi,Dublin City Council,Film,113000
2025,Arts Grant Funding,ANU Productions,Dublin City Council,Theatre,166000
2025,Arts Grant Funding,Architectural Association of Ireland,Dublin City Council,Architecture,8850
2025,Arts Grant Funding,Architecture at the Edge,Galway County Council,Architecture,100000
2025,Arts Grant Funding,Artlink Ltd,Donegal County Council,Visual Arts,132000
2025,Arts Grant Funding,Askeaton Contemporary Arts CLG,Limerick County Council,Visual Arts,70000
2025,Arts Grant Funding,Asylum Productions,Kilkenny County Council,Participatory Arts,70000
2025,Arts Grant Funding,Athlone Arts And Tourism Ltd,Westmeath County Council,Visual Arts,65000
2025,Arts Grant Funding,Attic Projects,Cork County Council,Dance,170000
2025,Arts Grant Funding,Backwater Artists Group,Cork City Council,Visual Arts,55000
2025,Arts Grant Funding,Balor Arts Centre,Donegal County Council,Arts Centres,40000
2025,Arts Grant Funding,Baltimore Fiddle Fair,Cork County Council,Traditional Arts,85000
2025,Arts Grant Funding,Banshee,Cork County Council,Literature (English language),75000
2025,Arts Grant Funding,Barnstorm Theatre Company Ltd,Kilkenny County Council,Children and Young People's Arts,171000
2025,Arts Grant Funding,Birr Theatre & Arts Centre,Offaly County Council,Arts Centres,40000
2025,Arts Grant Funding,Branar Dramaiochta Teo,Galway City Council,Children and Young People's Arts,260000
2025,Arts Grant Funding,Bray Jazz Festival,Wicklow County Council,Music,73320
2025,Arts Grant Funding,Broken Talkers,Fingal County Council,Theatre,261000
2025,Arts Grant Funding,Brú Theatre,Galway City Council,Theatre,110000
2025,Arts Grant Funding,Bullaun Press,Sligo County Council,Literature (English language),22000
2025,Arts Grant Funding,"Burke, Aoife",Cork County Council,Music,11000
2025,Arts Grant Funding,Cackle Mgmt,Dublin City Council,Festivals and Events,85000
2025,Arts Grant Funding,Callan Workhouse Union,Kilkenny County Council,Participatory Arts,111500
2025,Arts Grant Funding,"Carrick, Eoghan",Dublin City Council,Theatre,171000
2025,Arts Grant Funding,Centre For Creative Practices,Dublin City Council,Participatory Arts,70000
2025,Arts Grant Funding,Ceol Connected,Dublin City Council,Traditional Arts,92000
2025,Arts Grant Funding,Cill Rialaig Project Ltd,Kerry County Council,Artists support,78000
2025,Arts Grant Funding,Circus Factory,Cork City Council,Circus,74000
2025,Arts Grant Funding,"Cleary, Cathal",Galway City Council,Theatre,185000
2025,Arts Grant Funding,Clifden Arts Society,Galway County Council,Music,12000
2025,Arts Grant Funding,Clifden Community Arts Week,Galway County Council,Festivals and Events,135000
2025,Arts Grant Funding,Clonmel Junction Festival,Tipperary County Council,Festivals and Events,155000
2025,Arts Grant Funding,Cloughjordan Circus Club,North Tipperary County Council,Children and Young People's Arts,145945
2025,Arts Grant Funding,Comhar Teoranta,Dublin City Council,Literature (Irish language),41064
2025,Arts Grant Funding,Common Ground,Dublin City Council,Participatory Arts,120000
2025,Arts Grant Funding,Company Philip Connaughton,Dublin City Council,Dance,120000
2025,Arts Grant Funding,Complex Productions Ltd,Dublin City Council,Arts Centres,117000
2025,Arts Grant Funding,Con Brio,Sligo County Council,Music,16619
2025,Arts Grant Funding,Cork Community Artlink Ltd,Cork City Council,Participatory Arts,80000
2025,Arts Grant Funding,Cork International Choral Festival,Cork City Council,Music,41059
2025,Arts Grant Funding,Cork Orchestral Society,Cork City Council,Music,43014
2025,Arts Grant Funding,Courthouse Arts Centre,Wicklow County Council,Arts Centres,50000
2025,Arts Grant Funding,Courthouse Studios and Gallery,Clare County Council,Visual Arts,30000
2025,Arts Grant Funding,Crannog Magazine,Galway City Council,Literature (English language),24000
2025,Arts Grant Funding,Croi Glan Integrated Dance,Cork County Council,Dance,50000
2025,Arts Grant Funding,"Cross Border Orchestra of Ireland, The",Louth County Council,Children and Young People's Arts,98670
2025,Arts Grant Funding,Cuirt Intl Festival of Literature,Galway City Council,Literature (English language),132200
2025,Arts Grant Funding,Curlew Editions Ltd,Sligo County Council,Literature (English language),45200
2025,Arts Grant Funding,Custom House Studios Ltd,Mayo County Council,Visual Arts,30000
2025,Arts Grant Funding,Cyphers Magazine,Dublin City Council,Literature (English language),14300
2025,Arts Grant Funding,Dalen (Llyfrau) Cyf,Cork County Council,Literature (Irish language),41800
2025,Arts Grant Funding,Dalkey Book Festival,Dun Laoghaire Rathdown County Council,Literature (English language),50000
2025,Arts Grant Funding,Dance Theatre of Ireland,Dun Laoghaire Rathdown County Council,Participatory Arts,70000
2025,Arts Grant Funding,"Daniel, Selma",Fingal County Council,Children and Young People's Arts,45000
2025,Arts Grant Funding,Dead Centre Theatre Company,Dublin City Council,Theatre,309000
2025,Arts Grant Funding,Decadent Theatre Company,Galway City Council,Theatre,127000
2025,Arts Grant Funding,"Dias Garcia, Paula",Limerick City and County Council,Literature (English language),15000
2025,Arts Grant Funding,Diatribe,Dun Laoghaire Rathdown County Council,Music,21000
2025,Arts Grant Funding,Drogheda International Music Series,Louth County Council,Music,39104
2025,Arts Grant Funding,Dublin Book Festival,Dublin City Council,Literature (English language),110000
2025,Arts Grant Funding,Dublin Modular,Fingal County Council,Music,12000
2025,Arts Grant Funding,Dublin Sound Lab,Dublin City Council,Music,39104
2025,Arts Grant Funding,Dublin Youth Theatre,Dublin City Council,Children and Young People's Arts,115000
2025,Arts Grant Funding,"Dullea, Mary",International,Music,10000
2025,Arts Grant Funding,Dun Laoghaire Organ Festival,Dun Laoghaire Rathdown County Council,Music,13686
2025,Arts Grant Funding,Ergodos,Dublin City Council,Music,13000
2025,Arts Grant Funding,Evlana,Dublin City Council,Music,39348
2025,Arts Grant Funding,Fallow Media,Dublin City Council,Literature (English language),23000
2025,Arts Grant Funding,Festival In A Van,Dublin City Council,Participatory Arts,87000
2025,Arts Grant Funding,Ficino Ensemble,Dublin City Council,Music,15000
2025,Arts Grant Funding,Finding A Voice,Tipperary County Council,Music,32261
2025,Arts Grant Funding,First Fortnight,Dublin City Council,Festivals and Events,86000
2025,Arts Grant Funding,Fish Publishing,Cork County Council,Literature (English language),17000
2025,Arts Grant Funding,Futa Fata,Galway County Council,Literature (Irish language),53404
2025,Arts Grant Funding,"Gaden Gilmartin, Cassia",Dun Laoghaire Rathdown County Council,Literature (English language),16500
2025,Arts Grant Funding,Galway Cathedral Recitals,Galway City Council,Music,5000
2025,Arts Grant Funding,Galway Dance,Galway County Council,Dance,65000
2025,Arts Grant Funding,Galway Theatre Festival,Galway City Council,Festivals and Events,76000
2025,Arts Grant Funding,"Gard, Henrik",Dublin City Council,Circus,35000
2025,Arts Grant Funding,Gare St Lazare Players Ireland,Cork County Council,Theatre,64000
2025,Arts Grant Funding,Glass Mask Theatre,Dublin City Council,Theatre,147000
2025,Arts Grant Funding,Goma Gallery Of Modern Art Waterford,Waterford City and County Council,Visual Arts,60500
2025,Arts Grant Funding,Gorse,Dublin City Council,Literature (English language),18000
2025,Arts Grant Funding,Graffiti Theatre Company Ltd,Cork City Council,Children and Young People's Arts,220000
2025,Arts Grant Funding,Great Music in Irish Houses,Dublin City Council,Music,39104
2025,Arts Grant Funding,Greywood Arts,Cork County Council,Participatory Arts,23000
2025,Arts Grant Funding,HATCH Theatre Company,Dublin City Council,Theatre,211000
2025,Arts Grant Funding,Historical Harp Society of Ireland,Kilkenny County Council,Traditional Arts,67500
2025,Arts Grant Funding,Holy Show,South Dublin County Council,Literature (English language),22000
2025,Arts Grant Funding,Inishowen Carnival Group,Donegal County Council,Spectacle,50000
2025,Arts Grant Funding,Inishowen Traditional Singers’ Circle,Donegal County Council,Traditional Arts,30500
2025,Arts Grant Funding,Interface,Galway County Council,Visual Arts,62000
2025,Arts Grant Funding,International Literature Festival Dublin,Dublin City Council,Literature (English language),140000
2025,Arts Grant Funding,Ionad Cultúrtha,Cork County Council,Traditional Arts,48000
2025,Arts Grant Funding,Irish Arts Review,Dublin City Council,Visual Arts,60000
2025,Arts Grant Funding,Irish Composers’ Collective,Dublin City Council,Music,14000
2025,Arts Grant Funding,Irish Composition Summer School,Donegal County Council,Music,8200
2025,Arts Grant Funding,Irish Pages,Donegal County Council,Literature (English language),30000
2025,Arts Grant Funding,Irish Women In Jazz,Dublin City Council,Music,9028
2025,Arts Grant Funding,Jazz Ireland,Dublin City Council,Music,28350
2025,Arts Grant Funding,Junk Ensemble,Dublin City Council,Dance,145000
2025,Arts Grant Funding,Kaleidoscope Night,Dun Laoghaire Rathdown County Council,Music,38126
2025,Arts Grant Funding,"Keigher, Anthony",Roscommon County Council,Theatre,204000
2025,Arts Grant Funding,Kirkos,South Dublin County Council,Music,59634
2025,Arts Grant Funding,Landmark Productions,Dublin City Council,Theatre,158000
2025,Arts Grant Funding,Leabhaircomhar,Dublin City Council,Literature (Irish language),24585
2025,Arts Grant Funding,Leabhar Breac,Galway County Council,Literature (Irish language),25179
2025,Arts Grant Funding,Light Moves Festival Of Screendance,Limerick City and County Council,Dance,60000
2025,Arts Grant Funding,Lilliput Press,Dublin City Council,Literature (English language),120000
2025,Arts Grant Funding,Lismore Castle Arts,Waterford City and County Council,Visual Arts,55000
2025,Arts Grant Funding,Lismore Music Festival,Waterford City and County Council,Opera,227000
2025,Arts Grant Funding,Little Island,South Dublin County Council,Literature (English language),125000
2025,Arts Grant Funding,Lords of Strut,Cork City Council,Circus,30000
2025,Arts Grant Funding,Louth Contemporary Music Ltd,Louth County Council,Music,89939
2025,Arts Grant Funding,Luminosa Music,Galway County Council,Music,53768
2025,Arts Grant Funding,MART,Dublin City Council,Visual Arts,77000
2025,Arts Grant Funding,"Mc Cague, Elaine",Dublin City Council,Circus,30000
2025,Arts Grant Funding,Mother Tongues,South Dublin County Council,Children and Young People's Arts,64300
2025,Arts Grant Funding,Motion Chapel,Roscommon County Council,Circus,40000
2025,Arts Grant Funding,Museum Of Literature Ireland,Dublin City Council,Literature (English language),53000
2025,Arts Grant Funding,Music for Galway,Galway City Council,Music,93253
2025,Arts Grant Funding,Music for Wexford,Wexford County Council,Music,24440
2025,Arts Grant Funding,Music in Kilkenny,Kilkenny County Council,Music,29328
2025,Arts Grant Funding,Musici Ireland,Wexford County Council,Music,43430
2025,Arts Grant Funding,National Circus Festival of Ireland,Kerry County Council,Circus,94000
2025,Arts Grant Funding,National String Quartet Foundation,Cork County Council,Music,68432
2025,Arts Grant Funding,New Island Books DAC,Dun Laoghaire Rathdown County Council,Literature (English language),112200
2025,Arts Grant Funding,"Newell, Anna",Wicklow County Council,Children and Young People's Arts,220000
2025,Arts Grant Funding,Now And Then Media Ltd.,Tipperary County Council,Music,12000
2025,Arts Grant Funding,Opera Collective Ireland,Louth County Council,Opera,208000
2025,Arts Grant Funding,Ormston House,Limerick City Council,Visual Arts,160000
2025,Arts Grant Funding,Outlandish Theatre Platform,Dublin City Council,Participatory Arts,110000
2025,Arts Grant Funding,Pallas Projects/Studios,Dublin City Council,Visual Arts,204640
2025,Arts Grant Funding,Paper Visual Art Journal,Dublin City Council,Visual Arts,70000
2025,Arts Grant Funding,PhotoIreland Festival,Dublin City Council,Visual Arts,200000
2025,Arts Grant Funding,Pipeworks Festival,Dublin City Council,Music,50835
2025,Arts Grant Funding,Publishing Ireland,Dublin City Council,Literature (English language),15000
2025,Arts Grant Funding,Resurgam,Dublin City Council,Music,66477
2025,Arts Grant Funding,Rogu,Cork County Council,Street Performance,30000
2025,Arts Grant Funding,Run Of The Mill Arts Clg,Kildare County Council,Participatory Arts,145000
2025,Arts Grant Funding,Salmon Poetry,Clare County Council,Literature (English language),115000
2025,Arts Grant Funding,Sample Studios,Cork City Council,Visual Arts,80000
2025,Arts Grant Funding,Sestina Music,International,Music,28182
2025,Arts Grant Funding,Skein Press,Dublin City Council,Literature (English language),121000
2025,Arts Grant Funding,Skylight 47,Galway County Council,Literature (English language),6800
2025,Arts Grant Funding,Sounds From A Safe Harbour,Cork City Council,Festivals and Events,40000
2025,Arts Grant Funding,Source,Antrim Council,Visual Arts,31500
2025,Arts Grant Funding,South Tipperary Arts Centre,South Tipperary County Council,Arts Centres,73000
2025,Arts Grant Funding,St John’s Arts Centre,Kerry County Council,Arts Centres,70000
2025,Arts Grant Funding,St. Barrahane’s Chuch Festival Of Music,Cork County Council,Music,7000
2025,Arts Grant Funding,St. Patrick’s Festival,Dublin City Council,Traditional Arts,57500
2025,Arts Grant Funding,Stiúideo Cuan,Galway County Council,Traditional Arts,60000
2025,Arts Grant Funding,"Strain, Kate",Dun Laoghaire Rathdown County Council,Visual Arts,80000
2025,Arts Grant Funding,Sugarglass,Dublin City Council,Theatre,232000
2025,Arts Grant Funding,Sundays at Noon / Gallery Music,Dublin City Council,Music,27862
2025,Arts Grant Funding,Super Paua,Sligo County Council,Children and Young People's Arts,45000
2025,Arts Grant Funding,Superprojects,Dun Laoghaire Rathdown County Council,Children and Young People's Arts,115000
2025,Arts Grant Funding,"Szczerek, Mateusz",Fingal County Council,Dance,79000
2025,Arts Grant Funding,Taking Flight: Education & Performance Ltd.,Dublin City Council,Circus,50000
2025,Arts Grant Funding,Tallaght Community Arts,South Dublin County Council,Participatory Arts,110000
2025,Arts Grant Funding,The Ballinglen Arts Foundation,Mayo County Council,Visual Arts,63000
2025,Arts Grant Funding,The Dublin Jazz Co-op,Dublin City Council,Music,17597
2025,Arts Grant Funding,The Dublin Review,Dublin City Council,Literature (English language),90000
2025,Arts Grant Funding,The Gallery Press,Meath County Council,Literature (English language),180000
2025,Arts Grant Funding,The Galway Music Residency,Galway City Council,Music,72342
2025,Arts Grant Funding,The Glens Centre,Leitrim County Council,Arts Centres,51000
2025,Arts Grant Funding,The Journal of Music,Galway County Council,Music,73320
2025,Arts Grant Funding,The Limerick Theatre And Performance Hub,Limerick City Council,Participatory Arts,70000
2025,Arts Grant Funding,The Mill Theatre,Dun Laoghaire Rathdown County Council,Arts Centres,50000
2025,Arts Grant Funding,The O’Brien Press,Dublin City Council,Literature (English language),85800
2025,Arts Grant Funding,The Seamus Ennis Cultural Centre,Fingal County Council,Traditional Arts,90000
2025,Arts Grant Funding,Theatre Lovett,Dublin City Council,Children and Young People's Arts,205000
2025,Arts Grant Funding,THISISPOPBABY,Dublin City Council,Theatre,291000
2025,Arts Grant Funding,Tipperary Dance,Tipperary County Council,Dance,130000
2025,Arts Grant Funding,Tolka Journal,Waterford City and County Council,Literature (English language),57883
2025,Arts Grant Funding,Traders in the Area Supporting the Cultural Quarter Ltd,Dublin City Council,Festivals and Events,110000
2025,Arts Grant Funding,Tramp Press,Dublin City Council,Literature (English language),115000
2025,Arts Grant Funding,Tulca,Galway City Council,Visual Arts,130000
2025,Arts Grant Funding,Twisted Lane Productions,Galway County Council,Spectacle,30000
2025,Arts Grant Funding,Type,Dublin City Council,Architecture,25000
2025,Arts Grant Funding,Upstate Theatre Project,Louth County Council,Participatory Arts,85500
2025,Arts Grant Funding,Waterford Music,Waterford City and County Council,Music,13272
2025,Arts Grant Funding,Waterford Youth Arts,Waterford City and County Council,Children and Young People's Arts,130000
2025,Arts Grant Funding,West Wicklow Festival,Wicklow County Council,Music,39104
2025,Arts Grant Funding,Westport Jazz,Mayo County Council,Music,9750
2025,Arts Grant Funding,WhistleBlast Quartet,Mayo County Council,Children and Young People's Arts,60000
2025,Arts Grant Funding,Wordwell Ltd,Wicklow County Council,Literature (English language),55000
2025,Arts Grant Funding,"Young, Catherine",Kerry County Council,Dance,80000
2025,Arts Grant Funding,Ériu,Dublin City Council,Traditional Arts,67500
2025,Arts Grant Funding,Ó Bhéal,Cork City Council,Literature (English language),13200
2025,Festivals Investment Scheme,Aemi,Dublin City Council,Film,5000
2025,Festivals Investment Scheme,Aliceway Ltd T/a Bandit Films,Leitrim County Council,Film,10000
2025,Festivals Investment Scheme,Alliance Francaise,Dublin City Council,Literature (English language),6500
2025,Festivals Investment Scheme,Alternative Entertainments,South Dublin County Council,Children and Young People's Arts,10000
2025,Festivals Investment Scheme,An Goilin Traditional Singers Club,South Dublin County Council,Traditional Arts,7189
2025,Festivals Investment Scheme,Ballina Fringe Festival,Mayo County Council,Multidisciplinary Arts,9300
2025,Festivals Investment Scheme,Ballintogher Enterprise Centre,Sligo County Council,Traditional Arts,5000
2025,Festivals Investment Scheme,Ballydehob Jazz Festival,Cork County Council,Multidisciplinary Arts,24500
2025,Festivals Investment Scheme,Ballygawley Community Park C/r Ballygawley Music Festival,Sligo County Council,Music,9442
2025,Festivals Investment Scheme,Ballyhoura Comhaltas Ceoltoiri Eireann,Limerick City and County Council,Traditional Arts,10000
2025,Festivals Investment Scheme,Barnstorm Theatre Company Ltd,Kilkenny County Council,Children and Young People's Arts,15000
2025,Festivals Investment Scheme,Bere Island Arts Festival,Cork County Council,Multidisciplinary Arts,6200
2025,Festivals Investment Scheme,BETA Festival,Dublin City Council,Multidisciplinary Arts,5500
2025,Festivals Investment Scheme,Birr Festival Of Music & Voice,Offaly County Council,Music,22000
2025,Festivals Investment Scheme,Birr Vintage Week and Arts Festival,Offaly County Council,Multidisciplinary Arts,28000
2025,Festivals Investment Scheme,Blood in the Alley Productions,Cork County Council,Theatre,40000
2025,Festivals Investment Scheme,Borris Festival of Writing and Ideas,Carlow County Council,Literature (English language),23000
2025,Festivals Investment Scheme,Boyle Arts Festival,Roscommon County Council,Multidisciplinary Arts,30500
2025,Festivals Investment Scheme,Boyne Music Festival,Louth County Council,Music,16700
2025,Festivals Investment Scheme,Boyne Tradfest,Louth County Council,Traditional Arts,5000
2025,Festivals Investment Scheme,Bród Na Gaeltachta,Donegal County Council,Multidisciplinary Arts,5100
2025,Festivals Investment Scheme,Cairde na Cruite,Louth County Council,Traditional Arts,15000
2025,Festivals Investment Scheme,Cape Clear International Storytelling Festival,Cork County Council,Traditional Arts,9100
2025,Festivals Investment Scheme,Carrickmacross Comhaltas,Monaghan County Council,Traditional Arts,9450
2025,Festivals Investment Scheme,Cashel Arts Festival,Tipperary County Council,Multidisciplinary Arts,20000
2025,Festivals Investment Scheme,Catalyst Film Festival,Limerick City and County Council,Film,5000
2025,Festivals Investment Scheme,Cavan Arts Festival,Cavan County Council,Multidisciplinary Arts,40193
2025,Festivals Investment Scheme,Ceiliíradh Chill Dara – Feile Liam O’flynn,Kildare County Council,Traditional Arts,5000
2025,Festivals Investment Scheme,Ceol na gCruach,Donegal County Council,Traditional Arts,9350
2025,Festivals Investment Scheme,Chamber Music on Valentia,Kerry County Council,Music,22998
2025,Festivals Investment Scheme,Clare Island Folk Festival,Mayo County Council,Traditional Arts,5000
2025,Festivals Investment Scheme,Classics Now,Dublin City Council,Literature (English language),16500
2025,Festivals Investment Scheme,Clonmel Applefest,Tipperary County Council,Multidisciplinary Arts,20500
2025,Festivals Investment Scheme,Cluainin Carnival Arts Group,Leitrim County Council,Street Performance and Spectacle,14000
2025,Festivals Investment Scheme,Cobh Carillon Committee,Cork County Council,Music,6000
2025,Festivals Investment Scheme,Coinbhinsiúin Lámhchleasaíochta Inis Óirr,Galway County Council,Circus,9000
2025,Festivals Investment Scheme,Coirm,Donegal County Council,Traditional Arts,5000
2025,Festivals Investment Scheme,Coiste Cruinniu na BhFliuit,Cork County Council,Traditional Arts,7100
2025,Festivals Investment Scheme,Common Knowledge,Clare County Council,Traditional Arts,5000
2025,Festivals Investment Scheme,Consairtín,Clare County Council,Traditional Arts,15650
2025,Festivals Investment Scheme,Cork Folk Festival,Cork City Council,Traditional Arts,10000
2025,Festivals Investment Scheme,Cork World Book Festival,Cork City Council,Literature (English language),25000
2025,Festivals Investment Scheme,Creative Tradition,Cork County Council,Traditional Arts,4000
2025,Festivals Investment Scheme,Dingle Lit Clg,Kerry County Council,Literature,25000
2025,Festivals Investment Scheme,Disrupt Disability Arts Festival,Dublin City Council,Multidisciplinary Arts,64025
2025,Festivals Investment Scheme,Doulab For Circus And Dance,Wexford County Council,Children and Young People's Arts,9400
2025,Festivals Investment Scheme,Drogheda Traditional Music Weekend,Louth County Council,Traditional Arts,5000
2025,Festivals Investment Scheme,Dromineer Literary Festival,Tipperary County Council,Literature,16000
2025,Festivals Investment Scheme,Duck Upon Rock Productions,Sligo County Council,Multidisciplinary Arts,4350
2025,Festivals Investment Scheme,East Asia Film Festival Ireland,Dublin City Council,Film,21300
2025,Festivals Investment Scheme,East Cork Early Music Festival,Cork County Council,Music,22958
2025,Festivals Investment Scheme,Ennis Book Club Festival,Clare County Council,Literature (English language),45000
2025,Festivals Investment Scheme,Fastnet Short Film Festival,Cork County Council,Film,18500
2025,Festivals Investment Scheme,Feakle International Tradtional Music Festival,Clare County Council,Traditional Arts,5000
2025,Festivals Investment Scheme,Feile Chois Cuain,Mayo County Council,Traditional Arts,16400
2025,Festivals Investment Scheme,Feile na Bealtaine,Kerry County Council,Multidisciplinary Arts,43000
2025,Festivals Investment Scheme,Field Exchange Ltd,Tipperary County Council,Multidisciplinary Arts,5100
2025,Festivals Investment Scheme,First Cut! Youth Film Project,Cork County Council,Children and Young People's Arts,45000
2025,Festivals Investment Scheme,Five Lamps Arts Festival,Dublin City Council,Multidisciplinary Arts,14500
2025,Festivals Investment Scheme,Féile Bheag Filíochta,Kerry County Council,Literature (Irish language),5750
2025,Festivals Investment Scheme,Féile Na Gréine (Limerick),Limerick City and County Council,Music,6620
2025,Festivals Investment Scheme,Féile Na Tána,Louth County Council,Traditional Arts,20000
2025,Festivals Investment Scheme,Féile Nasc,South Dublin County Council,Traditional Arts,16000
2025,Festivals Investment Scheme,Féile Róise Rua,Donegal County Council,Traditional Arts,16543
2025,Festivals Investment Scheme,Féile Sheáin Mhic Pháidín – John Mcfadden Festival,Mayo County Council,Traditional Arts,5000
2025,Festivals Investment Scheme,Galway Traveller Movement,Galway City Council,Participatory Arts,44900
2025,Festivals Investment Scheme,Gap Arts Festival,Wexford County Council,Multidisciplinary Arts,13000
2025,Festivals Investment Scheme,Gaze Lgbt Film Festival,Dublin City Council,Film,32500
2025,Festivals Investment Scheme,Geata Arts,Cork County Council,Traditional Arts,5000
2025,Festivals Investment Scheme,Glasdrum,Dublin City Council,Music,13260
2025,Festivals Investment Scheme,Granard Booktown Festival Clg,Longford County Council,Literature (English language),13000
2025,Festivals Investment Scheme,Grey Heron Media,Limerick County Council,Multidisciplinary Arts,45000
2025,Festivals Investment Scheme,Hip-hop On Stage,Limerick City and County Council,Dance,20000
2025,Festivals Investment Scheme,Iniscealtra Arts Festival,Clare County Council,Multidisciplinary Arts,12500
2025,Festivals Investment Scheme,Inishbofin Community Services Programme,Galway County Council,Multidisciplinary Arts,8900
2025,Festivals Investment Scheme,Inishbofin Set Dancing,Galway County Council,Traditional Arts,3000
2025,Festivals Investment Scheme,Inishowen Traditional Music Project,Donegal County Council,Traditional Arts,20000
2025,Festivals Investment Scheme,Inishowen Traditional Singers’ Circle,Donegal County Council,Traditional Arts,16000
2025,Festivals Investment Scheme,Inniskeen Enterprise Development Group,Monaghan County Council,Multidisciplinary Arts,6000
2025,Festivals Investment Scheme,Irish Institute Of Music & Song,Fingal County Council,Traditional Arts,5000
2025,Festivals Investment Scheme,Iron Mountain Festival,Leitrim County Council,Literature,10000
2025,Festivals Investment Scheme,Islander,Cork City Council,Traditional Arts,8000
2025,Festivals Investment Scheme,Jazz In County Kildare,Kildare County Council,Music,8487
2025,Festivals Investment Scheme,John McKenna Traditional Society,Leitrim County Council,Traditional Arts,4000
2025,Festivals Investment Scheme,K-fest,Kerry County Council,Multidisciplinary Arts,15000
2025,Festivals Investment Scheme,Keep Her Lit,Kilkenny County Council,Traditional Arts,5000
2025,Festivals Investment Scheme,Kerry Film Festival,Kerry County Council,Film,10000
2025,Festivals Investment Scheme,Kildare County Library,Kildare County Council,Literature,5900
2025,Festivals Investment Scheme,Killaloe Chamber Music Festival,Clare County Council,Music,24500
2025,Festivals Investment Scheme,Kilrush Comhaltas Ceoltoiri Eireann,Clare County Council,Traditional Arts,6500
2025,Festivals Investment Scheme,Kinsale Arts Weekend,Cork County Council,Multidisciplinary Arts,7000
2025,Festivals Investment Scheme,Kinsale Literary Festival,Cork County Council,Literature,8000
2025,Festivals Investment Scheme,Laois Youth Dance Ensemble,Laois County Council,Children and Young People's Arts,19250
2025,Festivals Investment Scheme,Limerick Jazz Society,Limerick City and County Council,Music,19500
2025,Festivals Investment Scheme,Limerick Literary Festival In Honour Of Kate O’Brien,Limerick City Council,Literature (English language),14000
2025,Festivals Investment Scheme,Lismore Castle Arts,Waterford City and County Council,Children and Young People's Arts,41989
2025,Festivals Investment Scheme,Little Dingle International Film Festival Clg,Kerry County Council,Film,5000
2025,Festivals Investment Scheme,Live Art Ireland,Tipperary County Council,Visual Arts,9500
2025,Festivals Investment Scheme,Live Collision Festival,Dublin City Council,Multidisciplinary Arts,43200
2025,Festivals Investment Scheme,LMB Entertainments,Monaghan County Council,Film,17500
2025,Festivals Investment Scheme,Lumen Street Theatre,Limerick City and County Council,Multidisciplinary Arts,25000
2025,Festivals Investment Scheme,Make A Move,Limerick County Council,Music,6770
2025,Festivals Investment Scheme,Mide Arts Group,Longford County Council,Multidisciplinary Arts,16537
2025,Festivals Investment Scheme,Moth And Butterfly,Galway County Council,Traditional Arts,10000
2025,Festivals Investment Scheme,Mother Tongues,South Dublin County Council,Participatory Arts,45200
2025,Festivals Investment Scheme,Murder One Events Ltd,Dun Laoghaire Rathdown County Council,Literature,20000
2025,Festivals Investment Scheme,Music In Monkstown,Dun Laoghaire Rathdown County Council,Music,16960
2025,Festivals Investment Scheme,Musicalive Ltd,Cork County Council,Participatory Arts,4900
2025,Festivals Investment Scheme,New Ross Guitar Academy,Wexford County Council,Music,6620
2025,Festivals Investment Scheme,New Ross Piano Festival – Music For New Ross,Wexford County Council,Music,23326
2025,Festivals Investment Scheme,Now And Then Media Ltd.,Limerick City Council,Music,23500
2025,Festivals Investment Scheme,Nyah Festival,Cavan County Council,Traditional Arts,16600
2025,Festivals Investment Scheme,OFFline Film,Offaly County Council,Film,12500
2025,Festivals Investment Scheme,Oidhreacht an Chlair,Clare County Council,Traditional Arts,15832
2025,Festivals Investment Scheme,Open Ear,Cork County Council,Music,21500
2025,Festivals Investment Scheme,Ortus Festival,Cork City Council,Music,24000
2025,Festivals Investment Scheme,Patrick O’Keefe Traditional Music Festival,Kerry County Council,Traditional Arts,15000
2025,Festivals Investment Scheme,Pitch’d Productions Ltd,Cork City Council,Circus,10000
2025,Festivals Investment Scheme,Polish Arts Festival,Limerick City and County Council,Multidisciplinary Arts,10500
2025,Festivals Investment Scheme,Portumna Arts Group,Galway County Council,Multidisciplinary Arts,18000
2025,Festivals Investment Scheme,Red Umbrella Film Festival,Dublin City Council,Film,3050
2025,Festivals Investment Scheme,Sample Studios,Cork County Council,Visual Arts,9500
2025,Festivals Investment Scheme,Scoil Acla,Mayo County Council,Traditional Arts,13000
2025,Festivals Investment Scheme,Scoil Cheoil an Earraigh,Kerry County Council,Traditional Arts,25000
2025,Festivals Investment Scheme,Scripts Ireland’s Playwriting Festival,Offaly County Council,Theatre,12600
2025,Festivals Investment Scheme,Seamus Grant Festival,Donegal County Council,Traditional Arts,4000
2025,Festivals Investment Scheme,Sean-Nos Cois Life,Dublin City Council,Traditional Arts,9950
2025,Festivals Investment Scheme,Seán Corcoran Series,Louth County Council,Traditional Arts,5480
2025,Festivals Investment Scheme,Skerries Traditional Music Weekend,Fingal County Council,Traditional Arts,3000
2025,Festivals Investment Scheme,Skibbereen Arts Festival,Cork County Council,Multidisciplinary Arts,40000
2025,Festivals Investment Scheme,Sligo Festival of Baroque Music,Sligo County Council,Music,23731
2025,Festivals Investment Scheme,Sligo Musicfest Ltd.,Sligo County Council,Music,9442
2025,Festivals Investment Scheme,Something In The Water/headford And District Association,Galway County Council,Multidisciplinary Arts,6000
2025,Festivals Investment Scheme,South Sligo Summer School,Sligo County Council,Traditional Arts,10000
2025,Festivals Investment Scheme,Spleodar – Nenagh Community Arts Festival,Tipperary County Council,Children and Young People's Arts,20000
2025,Festivals Investment Scheme,Spraoi Agus Spórt,Donegal County Council,Children and Young People's Arts,7000
2025,Festivals Investment Scheme,Strokestown International Poetry Festival,Roscommon County Council,Literature (Irish language),25000
2025,Festivals Investment Scheme,Suas Educational Development,Ireland,Dance,14000
2025,Festivals Investment Scheme,Summersing!,Cork City Council,Children and Young People's Arts,11900
2025,Festivals Investment Scheme,The Ballincollig Winter Music Festival Committee,Cork County Council,Multidisciplinary Arts,14000
2025,Festivals Investment Scheme,The Eugene O’Neill International Festival Of Theatre,Wexford County Council,Theatre,1040
2025,Festivals Investment Scheme,The Producers,Dublin City Council,Children and Young People's Arts,15000
2025,Festivals Investment Scheme,The Spike Island Literary Festival,Cork County Council,Literature,3000
2025,Festivals Investment Scheme,The Walls Project,Waterford City and County Council,Multidisciplinary Arts,24300
2025,Festivals Investment Scheme,Three Rings Festival,Galway County Council,Theatre,11500
2025,Festivals Investment Scheme,Thurles Circling The Square,Tipperary County Council,Literature,5000
2025,Festivals Investment Scheme,Tionól Niocláis Tóibín,Waterford City and County Council,Traditional Arts,10000
2025,Festivals Investment Scheme,Tipperary Dance,Tipperary County Council,Dance,40000
2025,Festivals Investment Scheme,Trasna Productions,Kilkenny County Council,Multidisciplinary Arts,9010
2025,Festivals Investment Scheme,Tullamore Tradfest,Offaly County Council,Traditional Arts,3000
2025,Festivals Investment Scheme,University Concert Hall Limerick,Limerick County Council,Music,14000
2025,Festivals Investment Scheme,Waterford Arts Festival Limited,Waterford City and County Council,Multidisciplinary Arts,37000
2025,Festivals Investment Scheme,Waterford Chamber Music Festival,Waterford City and County Council,Music,2723
2025,Festivals Investment Scheme,Waterford International Organ Festival,Waterford City and County Council,Music,5500
2025,Festivals Investment Scheme,Westival Westport Music & Arts Festival,Mayo County Council,Multidisciplinary Arts,36000
2025,Festivals Investment Scheme,Westport Festival of Chamber Music,Mayo County Council,Music,26520
2025,Festivals Investment Scheme,Westport Folk And Bluegrass Festival,Mayo County Council,Music,4000
2025,Festivals Investment Scheme,Wex-art,Wexford County Council,Visual Arts,23500
2025,Festivals Investment Scheme,Wicklow Screendance Laboratory,Wicklow County Council,Dance,24000
2025,Festivals Investment Scheme,Write By The Sea,Wexford County Council,Literature,14000
2025,Festivals Investment Scheme,Éigse Dhiarmuid Ui Shúilleabháin,Cork County Council,Traditional Arts,5500
2025,Strategic Funding,Age and Opportunity,Dublin City Council,Participatory Arts,269000
2025,Strategic Funding,Arts & Disability Ireland,Dublin City Council,Participatory Arts,350000
2025,Strategic Funding,Baboró International Arts Festival for Children,Galway City Council,Children and Young People's Arts,438000
2025,Strategic Funding,Ballet Ireland,Meath County Council,Dance,490000
2025,Strategic Funding,Bewley’s Cafe Theatre,Dublin City Council,Theatre,82000
2025,Strategic Funding,Black Church Print Studio,Dublin City Council,Visual Arts,107820
2025,Strategic Funding,Blue Raincoat Theatre Company,Sligo County Council,Theatre,300000
2025,Strategic Funding,Butler Gallery,Kilkenny County Council,Visual Arts,535300
2025,Strategic Funding,Cairde Festival Ltd,Sligo County Council,Festivals and Events,219000
2025,Strategic Funding,Cairdeas na bhFidiléirí,Donegal County Council,Traditional Arts,55000
2025,Strategic Funding,Carlow Arts Festival,Carlow County Council,Festivals and Events,262000
2025,Strategic Funding,Chamber Choir Ireland,Dublin City Council,Music,690000
2025,Strategic Funding,Children’s Books Ireland,Dublin City Council,Children and Young People's Arts,407000
2025,Strategic Funding,Cló Iar-Chonnachta Teo,Galway County Council,Literature (Irish language),98000
2025,Strategic Funding,CoisCeim Dance Theatre,Dublin City Council,Dance,340000
2025,Strategic Funding,Cork International Film Festival,Cork City Council,Film,260500
2025,Strategic Funding,Cork Midsummer Festival,Cork City Council,Festivals and Events,475000
2025,Strategic Funding,Cork Printmakers,Cork City Council,Visual Arts,93990
2025,Strategic Funding,Crash Ensemble,Dublin City Council,Music,330000
2025,Strategic Funding,Create,Dublin City Council,Participatory Arts,410000
2025,Strategic Funding,Dance Ireland,Dublin City Council,Dance,420000
2025,Strategic Funding,Dance Limerick,Limerick City and County Council,Dance,297000
2025,Strategic Funding,Druid Theatre Company,Galway City Council,Theatre,1060000
2025,Strategic Funding,Dublin Dance Festival,Dublin City Council,Dance,581000
2025,Strategic Funding,Dublin Fringe Festival,Dublin City Council,Festivals and Events,592000
2025,Strategic Funding,Dublin International Film Festival,Dublin City Council,Film,187000
2025,Strategic Funding,Dublin Theatre Festival,Dublin City Council,Theatre,1215000
2025,Strategic Funding,Dublin Youth Dance Company,Dublin City Council,Children and Young People's Arts,125000
2025,Strategic Funding,Earagail Arts Festival,Donegal County Council,Festivals and Events,305000
2025,Strategic Funding,eva International,Limerick City and County Council,Visual Arts,385000
2025,Strategic Funding,Fighting Words,Dublin City Council,Children and Young People's Arts,80000
2025,Strategic Funding,Fire Station Artists’ Studios,Dublin City Council,Visual Arts,500000
2025,Strategic Funding,First Music Contact,Dublin City Council,Music,245000
2025,Strategic Funding,Fishamble Theatre Company,Dublin City Council,Theatre,479000
2025,Strategic Funding,Fresh Film,Limerick City and County Council,Children and Young People's Arts,125000
2025,Strategic Funding,Galway Arts Festival,Galway City Council,Festivals and Events,987000
2025,Strategic Funding,Galway Community Circus,Galway City Council,Children and Young People's Arts,250000
2025,Strategic Funding,Galway Film Fleadh,Galway City Council,Film,150000
2025,Strategic Funding,"Gate Theatre, The",Dublin City Council,Theatre,2850000
2025,Strategic Funding,Graphic Studio Dublin,Dublin City Council,Visual Arts,116940
2025,Strategic Funding,Harp Ireland / Cruit Éireann,Dublin City Council,Traditional Arts,162500
2025,Strategic Funding,Helium Children’s Arts & Health,Westmeath County Council,Participatory Arts,115000
2025,Strategic Funding,Highlanes Gallery,Louth County Council,Visual Arts,118000
2025,Strategic Funding,Improvised Music Company,Dublin City Council,Music,350000
2025,Strategic Funding,IMRAM,Dun Laoghaire Rathdown County Council,Literature (Irish language),188000
2025,Strategic Funding,Irish Aerial Creation Centre,Clare County Council,Circus,200000
2025,Strategic Funding,Irish Architectural Archive,Dublin City Council,Architecture,429000
2025,Strategic Funding,Irish Architecture Foundation,Dublin City Council,Architecture,372000
2025,Strategic Funding,Irish Association of Youth Orchestras,Cork City Council,Children and Young People's Arts,340000
2025,Strategic Funding,Irish Baroque Orchestra,Dublin City Council,Music,398500
2025,Strategic Funding,Irish Chamber Orchestra,Limerick City and County Council,Music,1305000
2025,Strategic Funding,Irish Film Institute,Dublin City Council,Film,1210000
2025,Strategic Funding,Irish Modern Dance Theatre,Dublin City Council,Dance,195000
2025,Strategic Funding,Irish National Opera,Dublin City Council,Opera,5146130
2025,Strategic Funding,Irish National Youth Ballet Company,Dublin City Council,Children and Young People's Arts,100000
2025,Strategic Funding,"Irish Street Arts, Circus And Spectacle Network",Wexford County Council,Circus,185000
2025,Strategic Funding,Irish Theatre Institute,Dublin City Council,Theatre,360000
2025,Strategic Funding,Irish Traditional Music Archive,Dublin City Council,Traditional Arts,1043000
2025,Strategic Funding,Irish Writers’ Centre,Dublin City Council,Literature (English language),265000
2025,Strategic Funding,KCAT,Kilkenny County Council,Participatory Arts,90000
2025,Strategic Funding,Kids’ Own,Sligo County Council,Children and Young People's Arts,150000
2025,Strategic Funding,Kilkenny Arts Festival,Kilkenny County Council,Festivals and Events,584000
2025,Strategic Funding,LD Dance Shawbrook,Longford County Council,Dance,78000
2025,Strategic Funding,Leitrim Sculpture Centre,Leitrim County Council,Visual Arts,350000
2025,Strategic Funding,Lewis Glucksman Gallery,Cork City Council,Visual Arts,113420
2025,Strategic Funding,Limerick City Gallery of Art,Limerick City and County Council,Visual Arts,181260
2025,Strategic Funding,Limerick Printmakers,Limerick City and County Council,Visual Arts,84500
2025,Strategic Funding,Literature Ireland,Dublin City Council,Literature (English language),395000
2025,Strategic Funding,Luail Ireland’s National Dance Company Clg,Dublin City Council,Dance,2200000
2025,Strategic Funding,Macnas,Galway City Council,Street Performance,400000
2025,Strategic Funding,Munster Literature Centre,Cork City Council,Literature (English language),224000
2025,Strategic Funding,Music Network,Dublin City Council,Music,700000
2025,Strategic Funding,National Irish Visual Arts Library,Dublin City Council,Visual Arts,99600
2025,Strategic Funding,National Sculpture Factory Cork,Cork City Council,Visual Arts,353200
2025,Strategic Funding,National Youth Council of Ireland,Dublin City Council,Children and Young People's Arts,130000
2025,Strategic Funding,National Youth Orchestra of Ireland,Dublin City Council,Children and Young People's Arts,100000
2025,Strategic Funding,New Music Dublin,Dublin City Council,Music,297000
2025,Strategic Funding,"New Theatre, The",Dublin City Council,Theatre,143000
2025,Strategic Funding,Pan Pan Theatre Company,Dublin City Council,Theatre,394000
2025,Strategic Funding,Photo Museum Ireland,Dublin City Council,Visual Arts,300000
2025,Strategic Funding,Poetry Ireland/Eigse Eireann,Dublin City Council,Literature (English language),495000
2025,Strategic Funding,"Píobairí Uilleann Teoranta, Na",Dublin City Council,Traditional Arts,584500
2025,Strategic Funding,Rough Magic Theatre Company,Dublin City Council,Theatre,384000
2025,Strategic Funding,Royal Hibernian Academy of Arts,Dublin City Council,Visual Arts,516220
2025,Strategic Funding,Réalta (previously Waterford Healing Arts Trust),Waterford City and County Council,Participatory Arts,220000
2025,Strategic Funding,Scoil Samhraidh Willie Clancy,Clare County Council,Traditional Arts,125000
2025,Strategic Funding,Sing Ireland,Limerick City and County Council,Music,375000
2025,Strategic Funding,Teac Damsa,Kerry County Council,Dance,410000
2025,Strategic Funding,Temple Bar Gallery & Studios Ltd,Dublin City Council,Visual Arts,570000
2025,Strategic Funding,The Ark,Dublin City Council,Children and Young People's Arts,770000
2025,Strategic Funding,The Contemporary Music Centre,Dublin City Council,Music,448000
2025,Strategic Funding,The Douglas Hyde Gallery,Dublin City Council,Visual Arts,378420
2025,Strategic Funding,The Firkin Crane,Cork City Council,Dance,190000
2025,Strategic Funding,The Stinging Fly,Dublin City Council,Literature (English language),237000
2025,Strategic Funding,Tyrone Guthrie Centre,Monaghan County Council,Artists support,395000
2025,Strategic Funding,United Fall,Carlow County Council,Dance,250000
2025,Strategic Funding,Visual Artists Ireland,Dublin City Council,Visual Arts,318000
2025,Strategic Funding,Waterford Spraoi,Waterford City and County Council,Spectacle,450000
2025,Strategic Funding,West Cork Music,Cork County Council,Music,510000
2025,Strategic Funding,Wexford Festival Opera,Wexford County Council,Opera,1950300
2025,Strategic Funding,Young Irish Film Makers,Kilkenny County Council,Children and Young People's Arts,95000
2025,Strategic Funding,Youth Theatre Ireland,Dublin City Council,Children and Young People's Arts,305000
2026,Arts Centre Partnership Funding,An Grianán Theatre,Donegal County Council,Arts Centres,180000
2026,Arts Centre Partnership Funding,An Táin Arts Centre,Louth County Council,Arts Centres,135000
2026,Arts Centre Partnership Funding,Axis Arts Centre,Dublin City Council,Arts Centres,155000
2026,Arts Centre Partnership Funding,Backstage Theatre,Longford County Council,Arts Centres,275000
2026,Arts Centre Partnership Funding,Ballina Arts Centre,Mayo County Council,Arts Centres,82000
2026,Arts Centre Partnership Funding,Civic Theatre,South Dublin County Council,Arts Centres,317000
2026,Arts Centre Partnership Funding,Draíocht Arts Centre,Fingal County Council,Arts Centres,285000
2026,Arts Centre Partnership Funding,Droichead Arts Centre,Louth County Council,Arts Centres,305000
2026,Arts Centre Partnership Funding,Dublin Municipal Theatre,Dublin City Council,Arts Centres,115000
2026,Arts Centre Partnership Funding,Dunamaise Arts Centre,Laois County Council,Arts Centres,145000
2026,Arts Centre Partnership Funding,Everyman,Cork City Council,Arts Centres,500000
2026,Arts Centre Partnership Funding,Galway Arts Centre,Galway City Council,Arts Centres,225000
2026,Arts Centre Partnership Funding,Garage Theatre,Monaghan County Council,Arts Centres,66000
2026,Arts Centre Partnership Funding,Garter Lane Arts Centre,Waterford City and County Council,Arts Centres,307000
2026,Arts Centre Partnership Funding,Glór,Clare County Council,Arts Centres,255000
2026,Arts Centre Partnership Funding,Hawk’s Well Theatre,Sligo County Council,Arts Centres,310000
2026,Arts Centre Partnership Funding,Linenhall Arts Centre,Mayo County Council,Arts Centres,290000
2026,Arts Centre Partnership Funding,Mermaid Arts Centre,Wicklow County Council,Arts Centres,332000
2026,Arts Centre Partnership Funding,Pavilion Theatre,Dun Laoghaire Rathdown County Council,Arts Centres,240000
2026,Arts Centre Partnership Funding,Project Arts Centre,Dublin City Council,Arts Centres,966000
2026,Arts Centre Partnership Funding,Ramor Theatre | Town Hall Cavan,Cavan County Council,Arts Centres,252000
2026,Arts Centre Partnership Funding,Regional Cultural Centre,Donegal County Council,Arts Centres,204500
2026,Arts Centre Partnership Funding,Riverbank Arts Centre,Kildare County Council,Arts Centres,145000
2026,Arts Centre Partnership Funding,Roscommon Arts Centre,Roscommon County Council,Arts Centres,164500
2026,Arts Centre Partnership Funding,RUA RED,South Dublin County Council,Arts Centres,100000
2026,Arts Centre Partnership Funding,Siamsa Tíre Theatre and Arts Centre,Kerry County Council,Arts Centres,310000
2026,Arts Centre Partnership Funding,Sirius Arts Centre,Cork County Council,Arts Centres,135000
2026,Arts Centre Partnership Funding,Solstice Arts Centre,Meath County Council,Arts Centres,210000
2026,Arts Centre Partnership Funding,Source Arts Centre,Tipperary County Council,Arts Centres,140000
2026,Arts Centre Partnership Funding,The Dock,Leitrim County Council,Arts Centres,156000
2026,Arts Centre Partnership Funding,The Lime Tree Belltable,Limerick City and County Council,Arts Centres,360000
2026,Arts Centre Partnership Funding,The Model,Sligo County Council,Arts Centres,330000
2026,Arts Centre Partnership Funding,The Performing Arts Forum,Dublin City Council,Arts Centres,290000
2026,Arts Centre Partnership Funding,Theatre Royal Waterford,Waterford City and County Council,Arts Centres,137000
2026,Arts Centre Partnership Funding,Town Hall Theatre,Galway City Council,Arts Centres,214000
2026,Arts Centre Partnership Funding,Triskel Arts Centre,Cork City Council,Arts Centres,253000
2026,Arts Centre Partnership Funding,VISUAL Centre for Contemporary Art & the George Bernard Shaw Theatre,Carlow County Council,Arts Centres,257000
2026,Arts Centre Partnership Funding,Watergate Theatre,Kilkenny County Council,Arts Centres,137000
2026,Arts Centre Partnership Funding,West Cork Arts Centre,Cork County Council,Arts Centres,300000
2026,Arts Centre Partnership Funding,Wexford Arts Centre,Wexford County Council,Arts Centres,222000
2026,Arts Centre Partnership Funding,Áras Éanna,Galway County Council,Arts Centres,96000
2026,Arts Grant Funding,Aerowaves Europe,Dublin City Council,Dance,2500
2026,Arts Grant Funding,Alternative Entertainments,South Dublin County Council,Children and Young People's Arts,49700
2026,Arts Grant Funding,ANU Productions,Dublin City Council,Theatre,309000
2026,Arts Grant Funding,Architecture at the Edge,Galway County Council,Architecture,95000
2026,Arts Grant Funding,Art By Grace Dyas,Galway County Council,Participatory Arts,58000
2026,Arts Grant Funding,Artlink Ltd,Donegal County Council,Visual Arts,150000
2026,Arts Grant Funding,Askeaton Contemporary Arts CLG,Limerick City and County Council,Visual Arts,70000
2026,Arts Grant Funding,Asylum Productions,Kilkenny County Council,Participatory Arts,70000
2026,Arts Grant Funding,Athlone Arts And Tourism Ltd,Westmeath County Council,Visual Arts,65000
2026,Arts Grant Funding,Attic Projects,Cork County Council,Dance,180000
2026,Arts Grant Funding,Backwater Artists Group,Cork City Council,Visual Arts,80000
2026,Arts Grant Funding,Balor Arts Centre,Donegal County Council,Arts Centres,40000
2026,Arts Grant Funding,Baltimore Fiddle Fair,Cork County Council,Traditional Arts,92500
2026,Arts Grant Funding,Banshee,Cork County Council,Literature (English language),82000
2026,Arts Grant Funding,Barnstorm Theatre Company Ltd,Kilkenny County Council,Children and Young People's Arts,171000
2026,Arts Grant Funding,Birr Theatre & Arts Centre,Offaly County Council,Arts Centres,45000
2026,Arts Grant Funding,Branar Dramaiochta Teo,Galway City Council,Children and Young People's Arts,220000
2026,Arts Grant Funding,Bray Jazz Festival,Wicklow County Council,Music,79000
2026,Arts Grant Funding,Broken Talkers,Fingal County Council,Theatre,303000
2026,Arts Grant Funding,Brú Theatre,Galway City Council,Theatre,133000
2026,Arts Grant Funding,Bullaun Press,Sligo County Council,Literature (English language),47000
2026,Arts Grant Funding,"Burke, Aoife",Cork City Council,Music,11600
2026,Arts Grant Funding,Cackle Mgmt,Dublin City Council,Festivals and Events,85000
2026,Arts Grant Funding,Callan Workhouse Union,Kilkenny County Council,Participatory Arts,115500
2026,Arts Grant Funding,"Carrick, Eoghan",Dublin City Council,Theatre,108000
2026,Arts Grant Funding,Centre For Creative Practices,Wicklow County Council,Participatory Arts,70000
2026,Arts Grant Funding,Ceol Connected,Dublin City Council,Traditional Arts,97000
2026,Arts Grant Funding,Cill Rialaig Project Ltd,Kerry County Council,Artists support,70000
2026,Arts Grant Funding,Circ-i-lár,Westmeath County Council,Circus,52375
2026,Arts Grant Funding,Circus Factory,Cork City Council,Circus,69000
2026,Arts Grant Funding,"Cleary, Cathal",Roscommon County Council,Theatre,205000
2026,Arts Grant Funding,Clifden Arts Society,Galway County Council,Music,13000
2026,Arts Grant Funding,Clifden Community Arts Week,Galway County Council,Festivals and Events,135000
2026,Arts Grant Funding,Clonmel Junction Festival,Tipperary County Council,Festivals and Events,161800
2026,Arts Grant Funding,Cloughjordan Circus Club,Tipperary County Council,Children and Young People's Arts,145945
2026,Arts Grant Funding,Comhar Teoranta,Dublin City Council,Literature (Irish language),56500
2026,Arts Grant Funding,Common Ground,Dublin City Council,Participatory Arts,125000
2026,Arts Grant Funding,Company Philip Connaughton,Dublin City Council,Dance,130000
2026,Arts Grant Funding,Complex Productions Ltd,Dublin City Council,Arts Centres,122000
2026,Arts Grant Funding,Con Brio,Sligo County Council,Music,18500
2026,Arts Grant Funding,"Cooper, Emily",Donegal County Council,Literature (English language),20000
2026,Arts Grant Funding,Cork Arts Theatre,Cork City Council,Theatre,129000
2026,Arts Grant Funding,Cork Community Artlink Ltd,Cork City Council,Participatory Arts,80000
2026,Arts Grant Funding,Cork International Choral Festival,Cork City Council,Music,42000
2026,Arts Grant Funding,Cork Opera House,Cork City Council,Arts Centres,180000
2026,Arts Grant Funding,Cork Orchestral Society,Cork City Council,Music,45000
2026,Arts Grant Funding,Cork Puppetry Company,Cork City Council,Street Arts,15000
2026,Arts Grant Funding,Courthouse Arts Centre,Wicklow County Council,Arts Centres,52700
2026,Arts Grant Funding,Courthouse Studios and Gallery,Clare County Council,Visual Arts,34000
2026,Arts Grant Funding,Cracking Light Productions,Clare County Council,Children and Young People's Arts,38265
2026,Arts Grant Funding,Crannog Magazine,Galway City Council,Literature (English language),24000
2026,Arts Grant Funding,Croi Glan Integrated Dance,Cork County Council,Dance,51250
2026,Arts Grant Funding,"Cross Border Orchestra of Ireland, The",Louth County Council,Children and Young People's Arts,98990
2026,Arts Grant Funding,Cuirt Intl Festival of Literature,Galway City Council,Literature (English language),132200
2026,Arts Grant Funding,Curlew Editions Ltd,Sligo County Council,Literature (English language),50000
2026,Arts Grant Funding,Custom House Studios Ltd,Mayo County Council,Visual Arts,34000
2026,Arts Grant Funding,Dalen (Llyfrau) Cyf,Cork County Council,Literature (Irish language),46000
2026,Arts Grant Funding,Dalkey Book Festival,Dun Laoghaire Rathdown County Council,Literature (English language),50000
2026,Arts Grant Funding,"Daniel, Selma",Meath County Council,Children and Young People's Arts,45000
2026,Arts Grant Funding,Dead Centre Theatre Company,Dublin City Council,Theatre,240000
2026,Arts Grant Funding,Decadent Theatre Company,Galway City Council,Theatre,180000
2026,Arts Grant Funding,Dedalus Press,Fingal County Council,Literature (English language),115000
2026,Arts Grant Funding,Diatribe,Dublin City Council,Music,27300
2026,Arts Grant Funding,"Dillon, Niamh",Wicklow County Council,Participatory Arts,35000
2026,Arts Grant Funding,Disrupt Disability Arts Festival,Dublin City Council,Festivals and Events,77675
2026,Arts Grant Funding,Doire Press,Galway County Council,Literature (English language),89000
2026,Arts Grant Funding,Drogheda International Music Series,Louth County Council,Music,43000
2026,Arts Grant Funding,Dublin Book Festival,Dun Laoghaire Rathdown County Council,Literature (English language),110000
2026,Arts Grant Funding,Dublin Circus Project,Dublin City Council,Circus,20000
2026,Arts Grant Funding,Dublin Modular,Fingal County Council,Music,13200
2026,Arts Grant Funding,Dublin Sound Lab,Dublin City Council,Music,41000
2026,Arts Grant Funding,Dublin Youth Theatre,Dublin City Council,Children and Young People's Arts,115000
2026,Arts Grant Funding,"Dullea, Mary",International,Music,9500
2026,Arts Grant Funding,Dun Laoghaire Organ Festival,Dun Laoghaire Rathdown County Council,Music,14000
2026,Arts Grant Funding,Ergodos,Dublin City Council,Music,13000
2026,Arts Grant Funding,Evlana,Dublin City Council,Music,40000
2026,Arts Grant Funding,Fallow Media,Dublin City Council,Literature (English language),26000
2026,Arts Grant Funding,Fanzini Productions Ltd,Kerry County Council,Street Arts,60000
2026,Arts Grant Funding,Festival In A Van,Dublin City Council,Participatory Arts,87000
2026,Arts Grant Funding,Ficino Ensemble,Dublin City Council,Music,17250
2026,Arts Grant Funding,Finding A Voice,Tipperary County Council,Music,34000
2026,Arts Grant Funding,First Fortnight,Dublin City Council,Festivals and Events,98525
2026,Arts Grant Funding,Fish Publishing,Cork County Council,Literature (English language),17000
2026,Arts Grant Funding,Four Rivers Theatre Company,Wexford County Council,Theatre,105000
2026,Arts Grant Funding,"Furlong Tighe, Sophie",Dublin City Council,Literature (English language),10000
2026,Arts Grant Funding,Futa Fata,Galway County Council,Literature (Irish language),59500
2026,Arts Grant Funding,"Gaden Gilmartin, Cassia",Dun Laoghaire Rathdown County Council,Literature (English language),16500
2026,Arts Grant Funding,Galway Cathedral Recitals,Galway City Council,Music,5000
2026,Arts Grant Funding,Galway Dance,Galway County Council,Dance,73500
2026,Arts Grant Funding,Galway Theatre Festival,Galway City Council,Festivals and Events,104000
2026,Arts Grant Funding,Garageland,South Dublin County Council,Music,11450
2026,Arts Grant Funding,Gare St Lazare Players Ireland,Cork County Council,Theatre,146000
2026,Arts Grant Funding,Glass Mask Theatre,Dublin City Council,Theatre,175000
2026,Arts Grant Funding,Goma Gallery Of Modern Art Waterford,Waterford City and County Council,Visual Arts,78000
2026,Arts Grant Funding,Gorm Media,South Dublin County Council,Children and Young People's Arts,55000
2026,Arts Grant Funding,Graffiti Theatre Company Ltd,Cork City Council,Children and Young People's Arts,220000
2026,Arts Grant Funding,Great Music in Irish Houses,Dublin City Council,Music,45500
2026,Arts Grant Funding,Greywood Arts,Cork County Council,Participatory Arts,30000
2026,Arts Grant Funding,HATCH Theatre Company,Dublin City Council,Theatre,164000
2026,Arts Grant Funding,Historical Harp Society of Ireland,Kilkenny County Council,Traditional Arts,70000
2026,Arts Grant Funding,Holy Show,South Dublin County Council,Literature (English language),22000
2026,Arts Grant Funding,Inishowen Carnival Group,Donegal County Council,Street Arts,50000
2026,Arts Grant Funding,Inishowen Traditional Singers’ Circle,Donegal County Council,Traditional Arts,35500
2026,Arts Grant Funding,Interface,Galway County Council,Visual Arts,70000
2026,Arts Grant Funding,International Literature Festival Dublin,Dublin City Council,Literature (English language),140000
2026,Arts Grant Funding,Ionad Cultúrtha,Cork County Council,Traditional Arts,50000
2026,Arts Grant Funding,Irish Arts Review,Dublin City Council,Visual Arts,75000
2026,Arts Grant Funding,Irish Composers’ Collective,Dublin City Council,Music,15000
2026,Arts Grant Funding,Irish Composition Summer School,Donegal County Council,Music,9200
2026,Arts Grant Funding,Irish Pages,Antrim,Literature (English language),30000
2026,Arts Grant Funding,Irish Society Of Stage And Screen Designers,Dublin City Council,Theatre,49000
2026,Arts Grant Funding,Irish Women In Jazz,Dublin City Council,Music,7250
2026,Arts Grant Funding,Jazz Ireland,Dublin City Council,Music,30000
2026,Arts Grant Funding,Junk Ensemble,Dublin City Council,Dance,145000
2026,Arts Grant Funding,Kaleidoscope Night,Dun Laoghaire Rathdown County Council,Music,34000
2026,Arts Grant Funding,"Kavanagh, Noeline",Galway County Council,Theatre,160000
2026,Arts Grant Funding,Kirkos,Dun Laoghaire Rathdown County Council,Music,64500
2026,Arts Grant Funding,Landmark Productions,Dublin City Council,Theatre,315000
2026,Arts Grant Funding,Lavit Gallery,Cork City Council,Visual Arts,20000
2026,Arts Grant Funding,Leabhar Breac,Galway County Council,Literature (Irish language),34000
2026,Arts Grant Funding,Light Moves Festival Of Screendance,Limerick City and County Council,Dance,30000
2026,Arts Grant Funding,Lilliput Press,Dublin City Council,Literature (English language),125000
2026,Arts Grant Funding,Limerick Jazz Society,Limerick City and County Council,Music,25000
2026,Arts Grant Funding,Lismore Castle Arts,Waterford City and County Council,Visual Arts,40000
2026,Arts Grant Funding,Lismore Music Festival,Waterford City and County Council,Opera,150000
2026,Arts Grant Funding,Little Island,Dublin City Council,Literature (English language),125000
2026,Arts Grant Funding,Live Art Ireland,Tipperary County Council,Visual Arts,20000
2026,Arts Grant Funding,Live Collision Festival,Dublin City Council,Festivals and Events,30000
2026,Arts Grant Funding,Livia Records,Dublin City Council,Music,22000
2026,Arts Grant Funding,Louth Contemporary Music Ltd,Louth County Council,Music,96000
2026,Arts Grant Funding,Luminosa Music,Galway County Council,Music,55791
2026,Arts Grant Funding,Macha Press Limited,Antrim,Literature (English language),10000
2026,Arts Grant Funding,MART,Dublin City Council,Visual Arts,57000
2026,Arts Grant Funding,"Moran, Nicola",Louth County Council,Circus,17100
2026,Arts Grant Funding,Mother Tongues,South Dublin County Council,Children and Young People's Arts,64300
2026,Arts Grant Funding,Motion Chapel,Roscommon County Council,Circus,70000
2026,Arts Grant Funding,Museum Of Literature Ireland,Dublin City Council,Literature (English language),53000
2026,Arts Grant Funding,Music for Galway,Galway City Council,Music,100000
2026,Arts Grant Funding,Music for Wexford,Wexford County Council,Music,26500
2026,Arts Grant Funding,Music in Kilkenny,Kilkenny County Council,Music,32000
2026,Arts Grant Funding,Musici Ireland,Wexford County Council,Music,46000
2026,Arts Grant Funding,National String Quartet Foundation,Cork County Council,Music,74000
2026,Arts Grant Funding,New Island Books DAC,Dun Laoghaire Rathdown County Council,Literature (English language),120000
2026,Arts Grant Funding,"Newell, Anna",Wicklow County Council,Children and Young People's Arts,220000
2026,Arts Grant Funding,Now And Then Media Ltd.,Tipperary County Council,Music,13000
2026,Arts Grant Funding,Opera Collective Ireland,Louth County Council,Opera,150000
2026,Arts Grant Funding,"Ormonde, Aisling",Dun Laoghaire Rathdown County Council,Theatre,62000
2026,Arts Grant Funding,Ormston House,Limerick City and County Council,Visual Arts,200000
2026,Arts Grant Funding,Outlandish Theatre Platform,Dublin City Council,Participatory Arts,94500
2026,Arts Grant Funding,Outset Gallery,Galway City Council,Visual Arts,20000
2026,Arts Grant Funding,Pallas Projects/Studios,Dublin City Council,Visual Arts,204400
2026,Arts Grant Funding,Paper Visual Art Journal,Dublin City Council,Visual Arts,75000
2026,Arts Grant Funding,PhotoIreland Festival,Dublin City Council,Visual Arts,200000
2026,Arts Grant Funding,Pipeworks Festival,Dublin City Council,Music,52000
2026,Arts Grant Funding,Publishing Ireland,Dun Laoghaire Rathdown County Council,Literature (English language),15000
2026,Arts Grant Funding,Raidió Rí-rá,Dublin City Council,Music,8500
2026,Arts Grant Funding,Resurgam,Galway County Council,Music,70000
2026,Arts Grant Funding,"Rogers, Eoin",Dublin City Council,Literature (English language),20000
2026,Arts Grant Funding,Run Of The Mill Arts Clg,Kildare County Council,Participatory Arts,145000
2026,Arts Grant Funding,Salmon Poetry,Clare County Council,Literature (English language),115000
2026,Arts Grant Funding,Sample Studios,Cork City Council,Visual Arts,80000
2026,Arts Grant Funding,Sans. Press,Limerick City and County Council,Literature (English language),20000
2026,Arts Grant Funding,"Seifer, Dor",Limerick City and County Council,Literature (English language),4675
2026,Arts Grant Funding,Skein Press,Dublin City Council,Literature (English language),121000
2026,Arts Grant Funding,Skylight 47,Galway County Council,Literature (English language),10000
2026,Arts Grant Funding,Sligo Jazz Project,Sligo County Council,Music,64000
2026,Arts Grant Funding,South Tipperary Arts Centre,Tipperary County Council,Arts Centres,79800
2026,Arts Grant Funding,St John’s Arts Centre,Kerry County Council,Arts Centres,71500
2026,Arts Grant Funding,St. Barrahane’s Chuch Festival Of Music,Cork County Council,Music,7500
2026,Arts Grant Funding,St. Patrick’s Festival,Dublin City Council,Traditional Arts,62500
2026,Arts Grant Funding,Stiúideo Cuan,Galway County Council,Traditional Arts,67500
2026,Arts Grant Funding,"Strain, Kate",Wicklow County Council,Visual Arts,80000
2026,Arts Grant Funding,Sugarglass,Dublin City Council,Theatre,63000
2026,Arts Grant Funding,Sundays at Noon / Gallery Music,Dublin City Council,Music,25000
2026,Arts Grant Funding,Super Paua,Sligo County Council,Children and Young People's Arts,45000
2026,Arts Grant Funding,Superprojects,Dun Laoghaire Rathdown County Council,Children and Young People's Arts,116500
2026,Arts Grant Funding,"Szczerek, Mateusz",Fingal County Council,Dance,80000
2026,Arts Grant Funding,Taking Flight: Education & Performance Ltd.,Dublin City Council,Circus,50000
2026,Arts Grant Funding,Tallaght Community Arts,South Dublin County Council,Participatory Arts,110000
2026,Arts Grant Funding,The Ballinglen Arts Foundation,Mayo County Council,Visual Arts,71190
2026,Arts Grant Funding,The Dublin Jazz Co-op,Dublin City Council,Music,20000
2026,Arts Grant Funding,The Dublin Review,Dublin City Council,Literature (English language),92000
2026,Arts Grant Funding,The Gallery Press,Meath County Council,Literature (English language),190000
2026,Arts Grant Funding,The Galway Music Residency,Galway City Council,Music,76000
2026,Arts Grant Funding,The Glens Centre,Leitrim County Council,Arts Centres,55000
2026,Arts Grant Funding,The Journal of Music,Galway County Council,Music,75500
2026,Arts Grant Funding,The Limerick Theatre And Performance Hub,Limerick City and County Council,Participatory Arts,70000
2026,Arts Grant Funding,The Mill Theatre,Dun Laoghaire Rathdown County Council,Arts Centres,55000
2026,Arts Grant Funding,The O’Brien Press,Dublin City Council,Literature (English language),90000
2026,Arts Grant Funding,The Performance Corporation,Mayo County Council,Theatre,135000
2026,Arts Grant Funding,The Seamus Ennis Cultural Centre,Fingal County Council,Traditional Arts,92500
2026,Arts Grant Funding,Theatre Lovett,Waterford City and County Council,Children and Young People's Arts,205000
2026,Arts Grant Funding,THISISPOPBABY,Dublin City Council,Theatre,200000
2026,Arts Grant Funding,Tipperary Dance,Tipperary County Council,Dance,134000
2026,Arts Grant Funding,Tolka Journal,Waterford City and County Council,Literature (English language),60000
2026,Arts Grant Funding,Traders in the Area Supporting the Cultural Quarter Ltd,Dublin City Council,Festivals and Events,120000
2026,Arts Grant Funding,Tramp Press,Dublin City Council,Literature (English language),115000
2026,Arts Grant Funding,Trickster,Kilkenny County Council,Children and Young People's Arts,120000
2026,Arts Grant Funding,Tulca,Galway City Council,Visual Arts,130000
2026,Arts Grant Funding,Twisted Lane Productions,Galway County Council,Circus,60000
2026,Arts Grant Funding,Type,Dublin City Council,Architecture,38850
2026,Arts Grant Funding,Upstate Theatre Project,Louth County Council,Participatory Arts,85000
2026,Arts Grant Funding,Waterford Music,Waterford City and County Council,Music,14500
2026,Arts Grant Funding,Waterford Youth Arts,Waterford City and County Council,Children and Young People's Arts,130000
2026,Arts Grant Funding,West Wicklow Festival,Wicklow County Council,Music,45500
2026,Arts Grant Funding,Westport Jazz,Mayo County Council,Music,10250
2026,Arts Grant Funding,WhistleBlast Quartet,Mayo County Council,Children and Young People's Arts,60000
2026,Arts Grant Funding,Wordwell Ltd,Dun Laoghaire Rathdown County Council,Literature (English language),55000
2026,Arts Grant Funding,Writers’ Week,Kerry County Council,Literature (English language),50000
2026,Arts Grant Funding,Xnthony Ltd.,Roscommon County Council,Theatre,131000
2026,Arts Grant Funding,"Young, Catherine",Kerry County Council,Dance,112500
2026,Arts Grant Funding,Ériu,Dublin City Council,Traditional Arts,70000
2026,Arts Grant Funding,Ó Bhéal Go Béal,Cork City Council,Literature (English language),13000
2026,Festivals Investment Scheme,Aliceway Ltd T/a Bandit Films,Leitrim County Council,Film,11500
2026,Festivals Investment Scheme,Alliance Francaise,Dublin City Council,Literature,6520
2026,Festivals Investment Scheme,An Goilin Traditional Singers Club,South Dublin County Council,Traditional Arts,7189
2026,Festivals Investment Scheme,Ballina Fringe Festival,Mayo County Council,Multidisciplinary Arts,9300
2026,Festivals Investment Scheme,Ballintogher Enterprise Centre,Leitrim County Council,Traditional Arts,5000
2026,Festivals Investment Scheme,Ballydehob Jazz Festival,Cork County Council,Multidisciplinary Arts,33000
2026,Festivals Investment Scheme,Ballygawley Community Park C/r Ballygawley Music Festival,Sligo County Council,Music,12000
2026,Festivals Investment Scheme,Ballyhoura Comhaltas Ceoltoiri Eireann,Limerick City and County Council,Traditional Arts,10000
2026,Festivals Investment Scheme,Bannow Folk and Traditional Festival,Wexford County Council,Traditional Arts,5000
2026,Festivals Investment Scheme,Barnstorm Theatre Company Ltd,Kilkenny County Council,Children and Young People's Arts,10000
2026,Festivals Investment Scheme,Bere Island Arts Festival,Cork County Council,Multidisciplinary Arts,10200
2026,Festivals Investment Scheme,BETA Festival,Dublin City Council,Multidisciplinary Arts,5500
2026,Festivals Investment Scheme,Birr Festival Of Music & Voice,Offaly County Council,Music,22000
2026,Festivals Investment Scheme,Birr Vintage Week and Arts Festival,Offaly County Council,Multidisciplinary Arts,29000
2026,Festivals Investment Scheme,Blood in the Alley Productions,Waterford City and County Council,Theatre,40000
2026,Festivals Investment Scheme,Borris Festival of Writing and Ideas,Carlow County Council,Literature,24000
2026,Festivals Investment Scheme,Boyle Arts Festival,Roscommon County Council,Multidisciplinary Arts,31500
2026,Festivals Investment Scheme,Boyne Music Festival,Meath County Council,Music,16700
2026,Festivals Investment Scheme,Boyne Tradfest,Louth County Council,Traditional Arts,5000
2026,Festivals Investment Scheme,Brendan And Martin Mulvihill Traditional Music Week In Glin,Limerick City and County Council,Traditional Arts,3000
2026,Festivals Investment Scheme,Bród Na Gaeltachta,Donegal County Council,Multidisciplinary Arts,6100
2026,Festivals Investment Scheme,Bualadh Bos Children’s Festival,Limerick City and County Council,Children and Young People's Arts,34000
2026,Festivals Investment Scheme,Cairde na Cruite,Louth County Council,Traditional Arts,15000
2026,Festivals Investment Scheme,Cape Clear International Storytelling Festival,Cork County Council,Traditional Arts,9100
2026,Festivals Investment Scheme,Carrickmacross Comhaltas,Monaghan County Council,Traditional Arts,9450
2026,Festivals Investment Scheme,Cashel Arts Festival,Tipperary County Council,Multidisciplinary Arts,20500
2026,Festivals Investment Scheme,Cavan Arts Festival,Cavan County Council,Multidisciplinary Arts,40000
2026,Festivals Investment Scheme,Chamber Music on Valentia,Kerry County Council,Music,24987
2026,Festivals Investment Scheme,Circus250 Productions,Mayo County Council,Circus,18000
2026,Festivals Investment Scheme,Clare Island Folk Festival,Mayo County Council,Traditional Arts,5000
2026,Festivals Investment Scheme,Classics Now,Dublin City Council,Literature,17480
2026,Festivals Investment Scheme,Clones Film Festival,Monaghan County Council,Film,18500
2026,Festivals Investment Scheme,Clonmel Applefest,Tipperary County Council,Multidisciplinary Arts,20500
2026,Festivals Investment Scheme,Cluainin Carnival Arts Group,Sligo County Council,Circus,14000
2026,Festivals Investment Scheme,Cobh Carillon Committee,Cork County Council,Music,5500
2026,Festivals Investment Scheme,Coinbhinsiúin Lámhchleasaíochta Inis Óirr,Galway County Council,Circus,9000
2026,Festivals Investment Scheme,Coirm,Donegal County Council,Traditional Arts,5000
2026,Festivals Investment Scheme,Coiste Cruinniu na BhFliuit,Cork County Council,Traditional Arts,10000
2026,Festivals Investment Scheme,Common Knowledge,Clare County Council,Multidisciplinary Arts,5000
2026,Festivals Investment Scheme,Consairtín,Clare County Council,Traditional Arts,15000
2026,Festivals Investment Scheme,Cooley Collins Festival Committee,Galway County Council,Traditional Arts,3000
2026,Festivals Investment Scheme,Cork Folk Festival,Cork City Council,Traditional Arts,10000
2026,Festivals Investment Scheme,Cork World Book Festival,Cork City Council,Literature,25000
2026,Festivals Investment Scheme,Cork Zine Fest,Cork County Council,Visual Arts,13000
2026,Festivals Investment Scheme,Corofin Traditional Festival,Clare County Council,Traditional Arts,7000
2026,Festivals Investment Scheme,Creative Tradition,Cork City Council,Traditional Arts,4000
2026,Festivals Investment Scheme,Cumann Ceoil Chonmhaicne,Sligo County Council,Traditional Arts,3711
2026,Festivals Investment Scheme,Dingle Lit Clg,Kerry County Council,Literature,25000
2026,Festivals Investment Scheme,Disappear Here Media,Donegal County Council,Film,4000
2026,Festivals Investment Scheme,Disrupt Disability Arts Festival,Dublin City Council,Multidisciplinary Arts,25000
2026,Festivals Investment Scheme,Doulab For Circus And Dance,Wexford County Council,Children and Young People's Arts,8000
2026,Festivals Investment Scheme,Drogheda Traditional Music Weekend,Louth County Council,Traditional Arts,5000
2026,Festivals Investment Scheme,Dromineer Literary Festival,Tipperary County Council,Literature,16000
2026,Festivals Investment Scheme,Duck Upon Rock Productions,Sligo County Council,Multidisciplinary Arts,5250
2026,Festivals Investment Scheme,East Asia Film Festival Ireland,Dublin City Council,Film,20000
2026,Festivals Investment Scheme,East Cork Early Music Festival,Cork County Council,Music,22958
2026,Festivals Investment Scheme,Ennis Book Club Festival,Clare County Council,Literature,45000
2026,Festivals Investment Scheme,Esker Arts,Offaly County Council,Children and Young People's Arts,7200
2026,Festivals Investment Scheme,Fastnet Short Film Festival,Cork County Council,Film,20000
2026,Festivals Investment Scheme,Feile Chois Cuain,Mayo County Council,Traditional Arts,18000
2026,Festivals Investment Scheme,Feile na Bealtaine,Kerry County Council,Multidisciplinary Arts,45000
2026,Festivals Investment Scheme,First Cut! Youth Film Project,Cork County Council,Children and Young People's Arts,45000
2026,Festivals Investment Scheme,Five Lamps Arts Festival,Dublin City Council,Multidisciplinary Arts,11000
2026,Festivals Investment Scheme,Fuddlefest,Wexford County Council,Music,7500
2026,Festivals Investment Scheme,Féile Bheag Filíochta,Kerry County Council,Literature (Irish language),7520
2026,Festivals Investment Scheme,Féile Na Gréine (Limerick),Limerick City and County Council,Music,8000
2026,Festivals Investment Scheme,Féile Na Tána,Louth County Council,Traditional Arts,20000
2026,Festivals Investment Scheme,Féile Nasc,Dun Laoghaire Rathdown County Council,Traditional Arts,16000
2026,Festivals Investment Scheme,Féile Róise Rua,Donegal County Council,Traditional Arts,20050
2026,Festivals Investment Scheme,Galway Traveller Movement,Galway City Council,Participatory Arts,45000
2026,Festivals Investment Scheme,Gaze Lgbt Film Festival,Dublin City Council,Film,32500
2026,Festivals Investment Scheme,Glasdrum,Dublin City Council,Music,13260
2026,Festivals Investment Scheme,Glór Na Ngael,South Dublin County Council,Literature (Irish language),4000
2026,Festivals Investment Scheme,Granard Booktown Festival Clg,Galway City Council,Literature,15000
2026,Festivals Investment Scheme,Grey Heron Media,Limerick City and County Council,Multidisciplinary Arts,25000
2026,Festivals Investment Scheme,Greywood Arts,Cork County Council,Multidisciplinary Arts,11000
2026,Festivals Investment Scheme,Halfway Up The Stairs,Wicklow County Council,Children and Young People's Arts,4000
2026,Festivals Investment Scheme,Hip-hop On Stage,Dublin City Council,Dance,20000
2026,Festivals Investment Scheme,Iberscreen – Ficii,Galway County Council,Film,5000
2026,Festivals Investment Scheme,Iniscealtra Arts Festival,Clare County Council,Multidisciplinary Arts,13900
2026,Festivals Investment Scheme,Inishbofin Community Services Programme,Galway County Council,Multidisciplinary Arts,8000
2026,Festivals Investment Scheme,Inishbofin Set Dancing,Galway County Council,Traditional Arts,3000
2026,Festivals Investment Scheme,Inishowen Traditional Music Project,Donegal County Council,Traditional Arts,20000
2026,Festivals Investment Scheme,Inishowen Traditional Singers’ Circle,Donegal County Council,Traditional Arts,16000
2026,Festivals Investment Scheme,Inniskeen Enterprise Development Group,Monaghan County Council,Multidisciplinary Arts,14300
2026,Festivals Investment Scheme,Iron Mountain Festival,Leitrim County Council,Literature,10000
2026,Festivals Investment Scheme,Islander,Cork City Council,Traditional Arts,8000
2026,Festivals Investment Scheme,Jazz At Johnstown,Wexford County Council,Music,3500
2026,Festivals Investment Scheme,Jazz In County Kildare,Kildare County Council,Music,7500
2026,Festivals Investment Scheme,John McKenna Traditional Society,Leitrim County Council,Traditional Arts,4000
2026,Festivals Investment Scheme,Keep Her Lit,Kilkenny County Council,Traditional Arts,5000
2026,Festivals Investment Scheme,Kerry Film Festival,Kerry County Council,Film,10000
2026,Festivals Investment Scheme,Kerry Literary & Cultural Centre,Kerry County Council,Traditional Arts,5000
2026,Festivals Investment Scheme,Kildare County Library,Kildare County Council,Literature,5000
2026,Festivals Investment Scheme,Killaloe Chamber Music Festival,Clare County Council,Music,23000
2026,Festivals Investment Scheme,Kilrush Comhaltas Ceoltoiri Eireann,Clare County Council,Traditional Arts,6500
2026,Festivals Investment Scheme,Kinsale Arts Weekend,Cork County Council,Multidisciplinary Arts,8000
2026,Festivals Investment Scheme,Kinsale Literary Festival,Cork County Council,Literature,8000
2026,Festivals Investment Scheme,Laois Youth Dance Ensemble,Laois County Council,Dance,20000
2026,Festivals Investment Scheme,Liberties Community Project,Dublin City Council,Multidisciplinary Arts,4000
2026,Festivals Investment Scheme,Limerick Literary Festival In Honour Of Kate O’Brien,Limerick City and County Council,Literature,15000
2026,Festivals Investment Scheme,Lismore Castle Arts,Waterford City and County Council,Children and Young People's Arts,43000
2026,Festivals Investment Scheme,Live Collision Festival,Dublin City Council,Multidisciplinary Arts,32500
2026,Festivals Investment Scheme,Lumen Street Theatre,Limerick City and County Council,Multidisciplinary Arts,25000
2026,Festivals Investment Scheme,Make A Move,Limerick City and County Council,Children and Young People's Arts,7000
2026,Festivals Investment Scheme,Mide Arts Group,Longford County Council,Multidisciplinary Arts,14700
2026,Festivals Investment Scheme,Moth And Butterfly,Galway City Council,Traditional Arts,10000
2026,Festivals Investment Scheme,Mother Tongues,South Dublin County Council,Participatory Arts,44000
2026,Festivals Investment Scheme,Motion Chapel,Roscommon County Council,Circus,10000
2026,Festivals Investment Scheme,Murder One Events Ltd,Wicklow County Council,Literature,20000
2026,Festivals Investment Scheme,Music Generation Laois,Laois County Council,Music,4500
2026,Festivals Investment Scheme,Music In Monkstown,Dun Laoghaire Rathdown County Council,Music,16960
2026,Festivals Investment Scheme,New Ross Guitar Academy,Wexford County Council,Music,6620
2026,Festivals Investment Scheme,New Ross Piano Festival – Music For New Ross,Wexford County Council,Music,25000
2026,Festivals Investment Scheme,Now And Then Media Ltd.,Limerick City and County Council,Music,24000
2026,Festivals Investment Scheme,Nyah Festival,Cavan County Council,Traditional Arts,16000
2026,Festivals Investment Scheme,OFFline Film,Offaly County Council,Film,10000
2026,Festivals Investment Scheme,Oidhreacht an Chlair,Clare County Council,Traditional Arts,15000
2026,Festivals Investment Scheme,Open Ear,Cork City Council,Music,25000
2026,Festivals Investment Scheme,Ortus Festival,Cork City Council,Music,24000
2026,Festivals Investment Scheme,Out Of Frame Cork,Cork City Council,Film,4000
2026,Festivals Investment Scheme,Patrick O’Keefe Traditional Music Festival,Kerry County Council,Traditional Arts,16000
2026,Festivals Investment Scheme,PAUL Partnership,Limerick City and County Council,Participatory Arts,8000
2026,Festivals Investment Scheme,Pitch’d Productions Ltd,Cork City Council,Circus,10000
2026,Festivals Investment Scheme,Polish Arts Festival,Limerick City and County Council,Multidisciplinary Arts,11500
2026,Festivals Investment Scheme,Portumna Arts Group,Galway County Council,Multidisciplinary Arts,18000
2026,Festivals Investment Scheme,Resurgam,Galway County Council,Music,7500
2026,Festivals Investment Scheme,Scoil Acla,Mayo County Council,Traditional Arts,13000
2026,Festivals Investment Scheme,Scoil Cheoil an Earraigh,Kerry County Council,Traditional Arts,25000
2026,Festivals Investment Scheme,Scripts Ireland’s Playwriting Festival,Offaly County Council,Theatre,20000
2026,Festivals Investment Scheme,Seamus Grant Festival,Donegal County Council,Traditional Arts,4000
2026,Festivals Investment Scheme,Sean-Nos Cois Life,Dublin City Council,Traditional Arts,9500
2026,Festivals Investment Scheme,Seán Corcoran Series,Louth County Council,Traditional Arts,8000
2026,Festivals Investment Scheme,Skerries Traditional Music Weekend,Fingal County Council,Traditional Arts,5000
2026,Festivals Investment Scheme,Skibbereen Arts Festival,Cork County Council,Multidisciplinary Arts,41000
2026,Festivals Investment Scheme,Sligo Festival of Baroque Music,Sligo County Council,Music,23731
2026,Festivals Investment Scheme,Sligo Musicfest Ltd.,Sligo County Council,Music,9442
2026,Festivals Investment Scheme,Something In The Water/headford And District Association,Galway County Council,Multidisciplinary Arts,6000
2026,Festivals Investment Scheme,South Sligo Summer School,Sligo County Council,Traditional Arts,10000
2026,Festivals Investment Scheme,Spleodar – Nenagh Community Arts Festival,Tipperary County Council,Children and Young People's Arts,21200
2026,Festivals Investment Scheme,Springmoves Dance Festival,Wexford County Council,Dance,23000
2026,Festivals Investment Scheme,Strokestown International Poetry Festival,Roscommon County Council,Literature,25000
2026,Festivals Investment Scheme,Summersing!,Cork City Council,Children and Young People's Arts,9600
2026,Festivals Investment Scheme,The Ballincollig Winter Music Festival Committee,Cork County Council,Multidisciplinary Arts,11000
2026,Festivals Investment Scheme,The Eugene O’Neill International Festival Of Theatre,Wexford County Council,Theatre,4000
2026,Festivals Investment Scheme,The Spike Island Literary Festival,Cork County Council,Literature,3000
2026,Festivals Investment Scheme,The Walls Project,Waterford City and County Council,Multidisciplinary Arts,25000
2026,Festivals Investment Scheme,Thurles Circling The Square,Tipperary County Council,Literature,5000
2026,Festivals Investment Scheme,Tionól Niocláis Tóibín,Waterford City and County Council,Traditional Arts,10000
2026,Festivals Investment Scheme,Tipperary Dance,Tipperary County Council,Dance,40000
2026,Festivals Investment Scheme,Trad For All,Clare County Council,Traditional Arts,6000
2026,Festivals Investment Scheme,Trasna Productions,Kilkenny County Council,Multidisciplinary Arts,8900
2026,Festivals Investment Scheme,Tread Softly Co. Ltd,Sligo County Council,Multidisciplinary Arts,26000
2026,Festivals Investment Scheme,Tullamore Tradfest,Offaly County Council,Traditional Arts,4000
2026,Festivals Investment Scheme,UMA,Dublin City Council,Dance,13000
2026,Festivals Investment Scheme,University Concert Hall Limerick,Limerick City and County Council,Music,15000
2026,Festivals Investment Scheme,Waterford Arts Festival Limited,Waterford City and County Council,Multidisciplinary Arts,36000
2026,Festivals Investment Scheme,Waterford Chamber Music Festival,Dublin City Council,Music,3000
2026,Festivals Investment Scheme,Waterford International Organ Festival,Dublin City Council,Music,6000
2026,Festivals Investment Scheme,Westival Westport Music & Arts Festival,Mayo County Council,Multidisciplinary Arts,33000
2026,Festivals Investment Scheme,Westport Festival of Chamber Music,Mayo County Council,Music,26520
2026,Festivals Investment Scheme,Westport Folk And Bluegrass Festival,Mayo County Council,Music,7500
2026,Festivals Investment Scheme,Wex-art,Wexford County Council,Visual Arts,20000
2026,Festivals Investment Scheme,Wicklow Screendance Laboratory,Wicklow County Council,Dance,15000
2026,Festivals Investment Scheme,Write By The Sea,Wexford County Council,Literature,14000
2026,Festivals Investment Scheme,Éigse Dhiarmuid Ui Shúilleabháin,Cork County Council,Traditional Arts,5500
2026,Strategic Funding,Age and Opportunity,Dublin City Council,Participatory Arts,291430
2026,Strategic Funding,Arts & Disability Ireland,Dublin City Council,Participatory Arts,362430
2026,Strategic Funding,Baboró International Arts Festival for Children,Galway City Council,Children and Young People's Arts,433996
2026,Strategic Funding,Ballet Ireland,Meath County Council,Dance,532000
2026,Strategic Funding,Bewley’s Cafe Theatre,Dublin City Council,Theatre,82000
2026,Strategic Funding,Black Church Print Studio,Dublin City Council,Visual Arts,107820
2026,Strategic Funding,Blue Raincoat Theatre Company,Sligo County Council,Theatre,340000
2026,Strategic Funding,Butler Gallery,Kilkenny County Council,Visual Arts,535300
2026,Strategic Funding,Cairde Festival Ltd,Sligo County Council,Festivals and Events,224000
2026,Strategic Funding,Cairdeas na bhFidiléirí,Donegal County Council,Traditional Arts,57000
2026,Strategic Funding,Carlow Arts Festival,Carlow County Council,Festivals and Events,235000
2026,Strategic Funding,Chamber Choir Ireland,Dublin City Council,Music,690000
2026,Strategic Funding,Children’s Books Ireland,Dublin City Council,Children and Young People's Arts,407000
2026,Strategic Funding,Cló Iar-Chonnachta Teo,Galway County Council,Literature (Irish language),98000
2026,Strategic Funding,CoisCeim Dance Theatre,Dublin City Council,Dance,337000
2026,Strategic Funding,Cork International Film Festival,Cork City Council,Film,285000
2026,Strategic Funding,Cork Midsummer Festival,Cork City Council,Festivals and Events,497000
2026,Strategic Funding,Cork Printmakers,Cork City Council,Visual Arts,93990
2026,Strategic Funding,Crash Ensemble,Dublin City Council,Music,330000
2026,Strategic Funding,Create,Dublin City Council,Participatory Arts,410000
2026,Strategic Funding,Dance Ireland,Dublin City Council,Dance,418000
2026,Strategic Funding,Dance Limerick,Limerick City and County Council,Dance,294000
2026,Strategic Funding,Druid Theatre Company,Galway City Council,Theatre,1160000
2026,Strategic Funding,Dublin Dance Festival,Dublin City Council,Dance,580000
2026,Strategic Funding,Dublin Fringe Festival,Dublin City Council,Festivals and Events,595024
2026,Strategic Funding,Dublin International Film Festival,Dublin City Council,Film,217000
2026,Strategic Funding,Dublin Theatre Festival,Dublin City Council,Theatre,1215000
2026,Strategic Funding,Dublin Youth Dance Company,Dublin City Council,Children and Young People's Arts,125000
2026,Strategic Funding,Earagail Arts Festival,Donegal County Council,Festivals and Events,305000
2026,Strategic Funding,eva International,Limerick City and County Council,Visual Arts,385000
2026,Strategic Funding,Fighting Words,Dublin City Council,Children and Young People's Arts,80000
2026,Strategic Funding,Fire Station Artists’ Studios,Dublin City Council,Visual Arts,520000
2026,Strategic Funding,First Music Contact,Dublin City Council,Music,245000
2026,Strategic Funding,Fishamble Theatre Company,Dublin City Council,Theatre,527000
2026,Strategic Funding,Fresh Film,Limerick City and County Council,Children and Young People's Arts,125000
2026,Strategic Funding,Galway Arts Festival,Galway City Council,Festivals and Events,1000000
2026,Strategic Funding,Galway Community Circus,Galway City Council,Children and Young People's Arts,250000
2026,Strategic Funding,Galway Film Fleadh,Galway City Council,Film,150000
2026,Strategic Funding,"Gate Theatre, The",Dublin City Council,Theatre,2850000
2026,Strategic Funding,Graphic Studio Dublin,Dublin City Council,Visual Arts,116940
2026,Strategic Funding,Harp Ireland / Cruit Éireann,Dublin City Council,Traditional Arts,172500
2026,Strategic Funding,Helium Children’s Arts & Health,Westmeath County Council,Participatory Arts,115000
2026,Strategic Funding,Highlanes Gallery,Louth County Council,Visual Arts,159500
2026,Strategic Funding,Improvised Music Company,Dublin City Council,Music,357000
2026,Strategic Funding,IMRAM,Dun Laoghaire Rathdown County Council,Literature (Irish language),188000
2026,Strategic Funding,Irish Aerial Creation Centre,Clare County Council,"Circus, Street Performance and Spectacle",200000
2026,Strategic Funding,Irish Architectural Archive,Dublin City Council,Architecture,470000
2026,Strategic Funding,Irish Architecture Foundation,Dublin City Council,Architecture,420000
2026,Strategic Funding,Irish Association of Youth Orchestras,Cork City Council,Children and Young People's Arts,350000
2026,Strategic Funding,Irish Baroque Orchestra,Dublin City Council,Music,428500
2026,Strategic Funding,Irish Chamber Orchestra,Limerick City and County Council,Music,1305000
2026,Strategic Funding,Irish Film Institute,Dublin City Council,Film,1348000
2026,Strategic Funding,Irish Modern Dance Theatre,Dublin City Council,Dance,205000
2026,Strategic Funding,Irish National Opera,Dublin City Council,Opera,5536130
2026,Strategic Funding,Irish National Youth Ballet Company,Dublin City Council,Children and Young People's Arts,105000
2026,Strategic Funding,"Irish Street Arts, Circus And Spectacle Network",Wexford County Council,"Circus, Street Performance and Spectacle",185000
2026,Strategic Funding,Irish Theatre Institute,Dublin City Council,Theatre,385000
2026,Strategic Funding,Irish Traditional Music Archive,Dublin City Council,Traditional Arts,1066000
2026,Strategic Funding,Irish Writers’ Centre,Dublin City Council,Literature (English language),285000
2026,Strategic Funding,KCAT,Kilkenny County Council,Participatory Arts,87010
2026,Strategic Funding,Kids’ Own,Sligo County Council,Children and Young People's Arts,150000
2026,Strategic Funding,Kilkenny Arts Festival,Kilkenny County Council,Festivals and Events,587976
2026,Strategic Funding,LD Dance Shawbrook,Longford County Council,Dance,78000
2026,Strategic Funding,Leitrim Sculpture Centre,Leitrim County Council,Visual Arts,350000
2026,Strategic Funding,Lewis Glucksman Gallery,Cork City Council,Visual Arts,153500
2026,Strategic Funding,Limerick City Gallery of Art,Limerick City and County Council,Visual Arts,181260
2026,Strategic Funding,Limerick Printmakers,Limerick City and County Council,Visual Arts,84500
2026,Strategic Funding,Literature Ireland,Dublin City Council,Literature (English language),395000
2026,Strategic Funding,Luail Ireland’s National Dance Company Clg,Dublin City Council,Dance,2200000
2026,Strategic Funding,Macnas,Galway City Council,"Circus, Street Performance and Spectacle",400000
2026,Strategic Funding,Munster Literature Centre,Cork City Council,Literature (English language),246000
2026,Strategic Funding,Music Network,Dublin City Council,Music,700000
2026,Strategic Funding,National Circus Festival of Ireland,Kerry County Council,"Circus, Street Performance and Spectacle",100000
2026,Strategic Funding,National Irish Visual Arts Library,Dublin City Council,Visual Arts,101800
2026,Strategic Funding,National Sculpture Factory Cork,Cork City Council,Visual Arts,353200
2026,Strategic Funding,National Youth Council of Ireland,Dublin City Council,Children and Young People's Arts,130000
2026,Strategic Funding,National Youth Orchestra of Ireland,Dublin City Council,Children and Young People's Arts,110000
2026,Strategic Funding,New Music Dublin,Dublin City Council,Music,297000
2026,Strategic Funding,"New Theatre, The",Dublin City Council,Theatre,175000
2026,Strategic Funding,Once Off Productions,Waterford City and County Council,Artists support,250000
2026,Strategic Funding,Pan Pan Theatre Company,Dublin City Council,Theatre,394000
2026,Strategic Funding,Photo Museum Ireland,Dublin City Council,Visual Arts,380000
2026,Strategic Funding,Poetry Ireland/Eigse Eireann,Dublin City Council,Literature (English language),565000
2026,Strategic Funding,"Píobairí Uilleann Teoranta, Na",Dublin City Council,Traditional Arts,584500
2026,Strategic Funding,Rough Magic Theatre Company,Dublin City Council,Theatre,436000
2026,Strategic Funding,Royal Hibernian Academy of Arts,Dublin City Council,Visual Arts,516220
2026,Strategic Funding,Réalta (previously Waterford Healing Arts Trust),Waterford City and County Council,Participatory Arts,220000
2026,Strategic Funding,Scoil Samhraidh Willie Clancy,Clare County Council,Traditional Arts,125000
2026,Strategic Funding,Sing Ireland,Limerick City and County Council,Music,375000
2026,Strategic Funding,Teac Damsa,Kerry County Council,Dance,430000
2026,Strategic Funding,Temple Bar Gallery & Studios Ltd,Dublin City Council,Visual Arts,620000
2026,Strategic Funding,The Ark,Dublin City Council,Children and Young People's Arts,770000
2026,Strategic Funding,The Contemporary Music Centre,Dublin City Council,Music,448000
2026,Strategic Funding,The Douglas Hyde Gallery,Dublin City Council,Visual Arts,378420
2026,Strategic Funding,The Firkin Crane,Cork City Council,Dance,232000
2026,Strategic Funding,The Stinging Fly,Dublin City Council,Literature (English language),275000
2026,Strategic Funding,Tyrone Guthrie Centre,Monaghan County Council,Artists support,395000
2026,Strategic Funding,United Fall,Carlow County Council,Dance,245000
2026,Strategic Funding,Visual Artists Ireland,Dublin City Council,Visual Arts,318000
2026,Strategic Funding,Waterford Spraoi,Waterford City and County Council,"Circus, Street Performance and Spectacle",450000
2026,Strategic Funding,West Cork Music,Cork County Council,Music,510000
2026,Strategic Funding,Wexford Festival Opera,Wexford County Council,Opera,1950300
2026,Strategic Funding,Young Irish Film Makers,Kilkenny County Council,Children and Young People's Arts,95000
2026,Strategic Funding,Youth Theatre Ireland,Dublin City Council,Children and Young People's Arts,314000
2027,Arts Grant Funding,126 Artist-Run Gallery,Galway City Council,Visual Arts,38340
2027,Arts Grant Funding,A4 SOUNDS,Dublin City Council,Visual Arts,40000
2027,Arts Grant Funding,Abridged,Derry,Literature (English language),13000
2027,Arts Grant Funding,Achill Heinrich Boll Association,Mayo County Council,Artists support,36000
2027,Arts Grant Funding,Aemi,Dublin City Council,Film,113000
2027,Arts Grant Funding,Aerowaves Europe,Dublin City Council,Dance,43000
2027,Arts Grant Funding,ANU Productions,Dublin City Council,Theatre,254654
2027,Arts Grant Funding,Architectural Association of Ireland,Dublin City Council,Architecture,21100
2027,Arts Grant Funding,Architecture at the Edge,Galway County Council,Architecture,95000
2027,Arts Grant Funding,Art By Grace Dyas,Galway County Council,Participatory Arts,50000
2027,Arts Grant Funding,Artlink Ltd,Donegal County Council,Visual Arts,150000
2027,Arts Grant Funding,Askeaton Contemporary Arts CLG,Limerick City and County Council,Visual Arts,77000
2027,Arts Grant Funding,Asylum Productions,Kilkenny County Council,Participatory Arts,75000
2027,Arts Grant Funding,Athlone Arts And Tourism Ltd,Westmeath County Council,Visual Arts,71500
2027,Arts Grant Funding,Attic Projects,Cork County Council,Dance,185000
2027,Arts Grant Funding,b*spoke Theatre Company / b*spoke productions,Dublin City Council,Festivals and Events,45000
2027,Arts Grant Funding,Backwater Artists Group,Cork City Council,Visual Arts,146250
2027,Arts Grant Funding,Baltimore Fiddle Fair,Cork County Council,Traditional Arts,92500
2027,Arts Grant Funding,Banshee,Cork County Council,Literature (English language),110000
2027,Arts Grant Funding,Barnstorm Theatre Company Ltd,Kilkenny County Council,Children and Young People's Arts,171000
2027,Arts Grant Funding,Bray Jazz Festival,Wicklow County Council,Music,80975
2027,Arts Grant Funding,Broken Talkers,Fingal County Council,Theatre,271652
2027,Arts Grant Funding,Brú Theatre,Galway City Council,Theatre,140327
2027,Arts Grant Funding,Bullaun Press,Sligo County Council,Literature (English language),63000
2027,Arts Grant Funding,"Burke, Aoife",Galway County Council,Music,11600
2027,Arts Grant Funding,Cackle Mgmt,Dublin City Council,Festivals and Events,85000
2027,Arts Grant Funding,"Cahill, Aileen",Sligo County Council,Music,6000
2027,Arts Grant Funding,Callan Workhouse Union,Kilkenny County Council,Participatory Arts,115500
2027,Arts Grant Funding,"Carrick, Eoghan",Dublin City Council,Theatre,149200
2027,Arts Grant Funding,"Carson, Jessica",Cork City Council,Participatory Arts,20000
2027,Arts Grant Funding,Centre For Creative Practices,Wicklow County Council,Participatory Arts,60000
2027,Arts Grant Funding,Ceol Connected,Dublin City Council,Traditional Arts,97000
2027,Arts Grant Funding,Channel Press Company Limited By Guarantee,Dun Laoghaire Rathdown County Council,Literature (English language),16500
2027,Arts Grant Funding,Cill Rialaig Project Ltd,Kerry County Council,Artists support,35000
2027,Arts Grant Funding,Circ-i-lár,Westmeath County Council,Circus,55000
2027,Arts Grant Funding,Circus Factory,Cork City Council,Circus,69000
2027,Arts Grant Funding,"Cleary, Cathal",Roscommon County Council,Theatre,220014
2027,Arts Grant Funding,Clifden Arts Society,Galway County Council,Music,13000
2027,Arts Grant Funding,Clifden Community Arts Week,Galway County Council,Festivals and Events,135000
2027,Arts Grant Funding,Clonmel Junction Festival,Tipperary County Council,Festivals and Events,164000
2027,Arts Grant Funding,Cloughjordan Circus Club,Tipperary County Council,Children and Young People's Arts,145500
2027,Arts Grant Funding,Cobh Carillon Committee,Cork County Council,Music,5500
2027,Arts Grant Funding,Comhar Teoranta,Dublin City Council,Literature (Irish language),76140
2027,Arts Grant Funding,Common Ground,Dublin City Council,Participatory Arts,130000
2027,Arts Grant Funding,Company Philip Connaughton,Dublin City Council,Dance,106000
2027,Arts Grant Funding,Con Brio,Sligo County Council,Music,18500
2027,Arts Grant Funding,Contemporary Art Gallery Association,Dun Laoghaire Rathdown County Council,Visual Arts,15000
2027,Arts Grant Funding,Cork Arts Theatre,Cork City Council,Theatre,112561
2027,Arts Grant Funding,Cork Community Artlink Ltd,Cork City Council,Participatory Arts,85000
2027,Arts Grant Funding,Cork International Choral Festival,Cork City Council,Music,42000
2027,Arts Grant Funding,Cork Orchestral Society,Cork City Council,Music,40000
2027,Arts Grant Funding,Cork Puppetry Company,Cork City Council,Street Performance and Spectacle,15000
2027,Arts Grant Funding,Courthouse Studios and Gallery,Clare County Council,Visual Arts,38250
2027,Arts Grant Funding,Crannog Magazine,Galway City Council,Literature (English language),24000
2027,Arts Grant Funding,Croi Glan Integrated Dance,Cork County Council,Dance,80000
2027,Arts Grant Funding,Cuirt Intl Festival of Literature,Galway City Council,Literature (English language),132200
2027,Arts Grant Funding,Curlew Editions Ltd,Sligo County Council,Literature (English language),55000
2027,Arts Grant Funding,"Curley, Paul",Dublin City Council,Children and Young People's Arts,55000
2027,Arts Grant Funding,Custom House Studios Ltd,Mayo County Council,Visual Arts,37400
2027,Arts Grant Funding,Dalen (Llyfrau) Cyf,Clare County Council,Literature (Irish language),46000
2027,Arts Grant Funding,Dalkey Book Festival,Dun Laoghaire Rathdown County Council,Literature (English language),50000
2027,Arts Grant Funding,Dead Centre Theatre Company,Dublin City Council,Theatre,244494
2027,Arts Grant Funding,Decadent Theatre Company,Galway City Council,Theatre,179168
2027,Arts Grant Funding,Dedalus Press,Fingal County Council,Literature (English language),115000
2027,Arts Grant Funding,Diatribe,Dublin City Council,Music,24750
2027,Arts Grant Funding,Disrupt Disability Arts Festival,Dublin City Council,Festivals and Events,77675
2027,Arts Grant Funding,"Doherty, Seán",Dublin City Council,Music,9000
2027,Arts Grant Funding,Doire Press,Galway County Council,Literature (English language),92000
2027,Arts Grant Funding,Drogheda International Music Series,Louth County Council,Music,44075
2027,Arts Grant Funding,Drumnadubber Arts,Leitrim County Council,Artists support,25000
2027,Arts Grant Funding,Dublin Book Festival,Dun Laoghaire Rathdown County Council,Literature (English language),110000
2027,Arts Grant Funding,Dublin Modular,Fingal County Council,Music,13200
2027,Arts Grant Funding,Dublin Sound Lab,Dublin City Council,Music,41000
2027,Arts Grant Funding,Dublin Youth Theatre,Dublin City Council,Children and Young People's Arts,115000
2027,Arts Grant Funding,Dun Laoghaire Organ Festival,Dun Laoghaire Rathdown County Council,Music,14000
2027,Arts Grant Funding,Ergodos,Dublin City Council,Music,13000
2027,Arts Grant Funding,Evlana,Roscommon County Council,Music,40000
2027,Arts Grant Funding,Fallow Media,Dublin City Council,Literature (English language),26000
2027,Arts Grant Funding,Fanzini Productions Ltd,Kerry County Council,Street Performance and Spectacle,58000
2027,Arts Grant Funding,"Fee, Dean",Donegal County Council,Literature (English language),20000
2027,Arts Grant Funding,Festival In A Van,Dublin City Council,Participatory Arts,75000
2027,Arts Grant Funding,Ficino Ensemble,Dublin City Council,Music,17250
2027,Arts Grant Funding,Fidget Feet,Clare County Council,Circus,45000
2027,Arts Grant Funding,Finding A Voice,Tipperary County Council,Music,34000
2027,Arts Grant Funding,First Fortnight,Dublin City Council,Festivals and Events,102000
2027,Arts Grant Funding,Fish Publishing,Cork County Council,Literature (English language),14000
2027,Arts Grant Funding,Four Rivers Theatre Company,Wexford County Council,Theatre,80365
2027,Arts Grant Funding,Frustrated Writers’ Group,Dublin City Council,Literature (English language),15000
2027,Arts Grant Funding,Futa Fata,Galway County Council,Literature (Irish language),54559
2027,Arts Grant Funding,Galway Cathedral Recitals,Galway City Council,Music,5000
2027,Arts Grant Funding,Galway Dance,Galway County Council,Dance,77000
2027,Arts Grant Funding,Galway Theatre Festival,Galway City Council,Festivals and Events,122000
2027,Arts Grant Funding,"Gard, Henrik",Dublin City Council,Street Performance and Spectacle,45000
2027,Arts Grant Funding,Gare St Lazare Players Ireland,Cork County Council,Theatre,83436
2027,Arts Grant Funding,Glass Mask Theatre,Dublin City Council,Theatre,150000
2027,Arts Grant Funding,Goma Gallery of Modern Art Waterford,Waterford City and County Council,Visual Arts,138240
2027,Arts Grant Funding,Gorm Media,South Dublin County Council,Children and Young People's Arts,55000
2027,Arts Grant Funding,Graffiti Theatre Company Ltd,Cork City Council,Children and Young People's Arts,220000
2027,Arts Grant Funding,Great Music in Irish Houses,Dublin City Council,Music,45500
2027,Arts Grant Funding,Greywood Arts,Cork County Council,Participatory Arts,25000
2027,Arts Grant Funding,HATCH Theatre Company,Dublin City Council,Theatre,192412
2027,Arts Grant Funding,Historical Harp Society of Ireland,Kilkenny County Council,Traditional Arts,70000
2027,Arts Grant Funding,Homebawn Ltd,Derry,Literature (English language),40000
2027,Arts Grant Funding,"Ighodaro, Esosa",Dun Laoghaire Rathdown County Council,Theatre,65000
2027,Arts Grant Funding,Inishowen Carnival Group,Donegal County Council,Street Performance and Spectacle,44000
2027,Arts Grant Funding,Inishowen Traditional Singers’ Circle,Donegal County Council,Traditional Arts,35500
2027,Arts Grant Funding,Interface,Galway County Council,Visual Arts,78750
2027,Arts Grant Funding,International Literature Festival Dublin,Dublin City Council,Literature (English language),140000
2027,Arts Grant Funding,Ionad Cultúrtha,Cork County Council,Traditional Arts,50000
2027,Arts Grant Funding,Irish Arts Review,Dublin City Council,Visual Arts,81000
2027,Arts Grant Funding,Irish Composers’ Collective,Dublin City Council,Music,15375
2027,Arts Grant Funding,Irish Composition Summer School,Donegal County Council,Music,9200
2027,Arts Grant Funding,Irish Pages,Antrim,Literature (English language),30000
2027,Arts Grant Funding,Irish Society Of Stage And Screen Designers,Dublin City Council,Theatre,49000
2027,Arts Grant Funding,Jazz Ireland,Dublin City Council,Music,30750
2027,Arts Grant Funding,Junk Ensemble,Dublin City Council,Dance,100000
2027,Arts Grant Funding,Kaleidoscope Night,Dublin City Council,Music,34000
2027,Arts Grant Funding,Kirkos,Dun Laoghaire Rathdown County Council,Music,64500
2027,Arts Grant Funding,Kunstverein Projects CLG,Wicklow County Council,Visual Arts,238000
2027,Arts Grant Funding,Landmark Productions,Dublin City Council,Theatre,284602
2027,Arts Grant Funding,Lavit Gallery,Cork City Council,Visual Arts,20000
2027,Arts Grant Funding,Leabhar Breac,Galway County Council,Literature (Irish language),34000
2027,Arts Grant Funding,Light Moves Festival of Screendance,Limerick City and County Council,Dance,30000
2027,Arts Grant Funding,Lilliput Press,Dublin City Council,Literature (English language),130000
2027,Arts Grant Funding,Limerick Jazz Society,Limerick City and County Council,Music,25000
2027,Arts Grant Funding,Lismore Castle Arts,Waterford City and County Council,Visual Arts,40000
2027,Arts Grant Funding,Lismore Music Festival,Waterford City and County Council,Opera,200000
2027,Arts Grant Funding,Little Island,Dublin City Council,Literature (English language),125000
2027,Arts Grant Funding,Little Red Kettle,Waterford City and County Council,Children and Young People's Arts,90000
2027,Arts Grant Funding,Live Art Ireland,Tipperary County Council,Visual Arts,20000
2027,Arts Grant Funding,Live Collision Festival,Dublin City Council,Festivals and Events,60825
2027,Arts Grant Funding,Livia Records,Dublin City Council,Music,20000
2027,Arts Grant Funding,Louth Contemporary Music Ltd,Louth County Council,Music,98400
2027,Arts Grant Funding,Luminosa Music,Galway County Council,Music,55791
2027,Arts Grant Funding,"Maroney, Mich",Cork County Council,Literature (English language),30000
2027,Arts Grant Funding,Mart Gallery & Studios Clg,Dublin City Council,Visual Arts,57000
2027,Arts Grant Funding,Mother Tongues,South Dublin County Council,Children and Young People's Arts,64000
2027,Arts Grant Funding,Motion Chapel,Roscommon County Council,Circus,72500
2027,Arts Grant Funding,Museum Of Literature Ireland,Dublin City Council,Literature (English language),10000
2027,Arts Grant Funding,Music & Health Ireland,Meath County Council,Participatory Arts,20000
2027,Arts Grant Funding,Music for Galway,Galway City Council,Music,115000
2027,Arts Grant Funding,Music for Wexford,Wexford County Council,Music,26500
2027,Arts Grant Funding,Music in Kilkenny,Kilkenny County Council,Music,32000
2027,Arts Grant Funding,MusicConnects,Galway City Council,Music,77900
2027,Arts Grant Funding,Musici Ireland,Wexford County Council,Music,42000
2027,Arts Grant Funding,National String Quartet Foundation,Cork County Council,Music,75850
2027,Arts Grant Funding,New Island Books DAC,Dun Laoghaire Rathdown County Council,Literature (English language),120000
2027,Arts Grant Funding,"Newell, Anna",Wicklow County Council,Children and Young People's Arts,220000
2027,Arts Grant Funding,Now And Then Media Ltd.,Tipperary County Council,Music,13000
2027,Arts Grant Funding,"Ní Nualláin, Laoise",Galway City Council,Music,9000
2027,Arts Grant Funding,Opera Collective Ireland,Louth County Council,Opera,160000
2027,Arts Grant Funding,"Ormonde, Aisling",Dun Laoghaire Rathdown County Council,Theatre,96444
2027,Arts Grant Funding,Ormston House,Limerick City and County Council,Visual Arts,224000
2027,Arts Grant Funding,Outlandish Theatre Platform,Dublin City Council,Participatory Arts,120000
2027,Arts Grant Funding,Outset Gallery,Galway City Council,Visual Arts,20000
2027,Arts Grant Funding,Pallas Projects/Studios,Dublin City Council,Visual Arts,234580
2027,Arts Grant Funding,Paper Visual Art Journal,Dublin City Council,Visual Arts,82500
2027,Arts Grant Funding,PhotoIreland Festival,Dublin City Council,Visual Arts,220000
2027,Arts Grant Funding,Pipeworks Festival,Dublin City Council,Music,52000
2027,Arts Grant Funding,"Power, Peter",Cork City Council,Theatre,123518
2027,Arts Grant Funding,Profiles Journal,Dublin City Council,Literature (English language),15000
2027,Arts Grant Funding,Publishing Ireland,Dun Laoghaire Rathdown County Council,Literature (English language),20000
2027,Arts Grant Funding,Ragaire Literary Magazine,Galway City Council,Literature (English language),28000
2027,Arts Grant Funding,Raidió Rí-rá,Dublin City Council,Music,8500
2027,Arts Grant Funding,Resurgam,Galway County Council,Music,79250
2027,Arts Grant Funding,"Rogers, Eoin",Dublin City Council,Literature (English language),20000
2027,Arts Grant Funding,"Rowell, Jess",Wicklow County Council,Children and Young People's Arts,190000
2027,Arts Grant Funding,Run Of The Mill Arts Clg,Kildare County Council,Participatory Arts,145000
2027,Arts Grant Funding,Salmon Poetry,Clare County Council,Literature (English language),115000
2027,Arts Grant Funding,Sample Studios,Cork City Council,Visual Arts,146250
2027,Arts Grant Funding,Sans. Press,Limerick City and County Council,Literature (English language),20000
2027,Arts Grant Funding,"Seifer, Dor",Limerick City and County Council,Literature (English language),4675
2027,Arts Grant Funding,Sightless Cinema Clg,Dublin City Council,Participatory Arts,20000
2027,Arts Grant Funding,Skein Press,Dublin City Council,Literature (English language),121000
2027,Arts Grant Funding,Skylight 47,Galway County Council,Literature (English language),10000
2027,Arts Grant Funding,Sligo Jazz Project,Sligo County Council,Music,64000
2027,Arts Grant Funding,Sounds From A Safe Harbour,Cork City Council,Festivals and Events,80000
2027,Arts Grant Funding,Source,Antrim,Visual Arts,20000
2027,Arts Grant Funding,St. Barrahane’s Chuch Festival Of Music,Cork County Council,Music,7500
2027,Arts Grant Funding,St. Patrick’s Festival,Dublin City Council,Traditional Arts,62500
2027,Arts Grant Funding,Stiúideo Cuan,Galway County Council,Traditional Arts,67500
2027,Arts Grant Funding,Sugarglass,Dublin City Council,Theatre,250000
2027,Arts Grant Funding,Sundays at Noon / Gallery Music,Dublin City Council,Music,24950
2027,Arts Grant Funding,Superprojects,Dun Laoghaire Rathdown County Council,Children and Young People's Arts,116000
2027,Arts Grant Funding,Symphony Club of Waterford,Waterford City and County Council,Music,10865
2027,Arts Grant Funding,"Szczerek, Mateusz",Fingal County Council,Dance,85000
2027,Arts Grant Funding,Tallaght Community Arts,South Dublin County Council,Participatory Arts,100000
2027,Arts Grant Funding,The Ballinglen Arts Foundation,Mayo County Council,Visual Arts,71190
2027,Arts Grant Funding,The Dublin Jazz Co-op,Dublin City Council,Music,20000
2027,Arts Grant Funding,The Dublin Review,Dublin City Council,Literature (English language),94000
2027,Arts Grant Funding,The Gallery Press,Meath County Council,Literature (English language),200000
2027,Arts Grant Funding,The Irish Conductors Network,Galway County Council,Music,18233
2027,Arts Grant Funding,The Journal of Music,Galway County Council,Music,75500
2027,Arts Grant Funding,The Limerick Theatre And Performance Hub,Limerick City and County Council,Participatory Arts,75000
2027,Arts Grant Funding,The O’Brien Press,Dublin City Council,Literature (English language),95000
2027,Arts Grant Funding,The Performance Corporation,Mayo County Council,Theatre,159506
2027,Arts Grant Funding,The Seamus Ennis Cultural Centre,Fingal County Council,Traditional Arts,92500
2027,Arts Grant Funding,Theatre Lovett,Cork County Council,Theatre,205000
2027,Arts Grant Funding,THISISPOPBABY,Dublin City Council,Theatre,257014
2027,Arts Grant Funding,Tipperary Dance,Tipperary County Council,Dance,120000
2027,Arts Grant Funding,Tolka Journal,Waterford City and County Council,Literature (English language),63000
2027,Arts Grant Funding,Traders in the Area Supporting the Cultural Quarter Ltd,Dublin City Council,Festivals and Events,125000
2027,Arts Grant Funding,Tramp Press,Dublin City Council,Literature (English language),115000
2027,Arts Grant Funding,Trickster,Kilkenny County Council,Children and Young People's Arts,123200
2027,Arts Grant Funding,Tulca,Galway City Council,Visual Arts,130000
2027,Arts Grant Funding,Twisted Lane Productions,Galway County Council,Circus,60000
2027,Arts Grant Funding,Type,Dublin City Council,Architecture,38850
2027,Arts Grant Funding,Upstate Theatre Project,Louth County Council,Participatory Arts,80000
2027,Arts Grant Funding,"Vinciguerra, Pietro",Dublin City Council,Music,4000
2027,Arts Grant Funding,Waterford Music,Waterford City and County Council,Music,14500
2027,Arts Grant Funding,Waterford Youth Arts,Waterford City and County Council,Children and Young People's Arts,130000
2027,Arts Grant Funding,West Wicklow Festival,Wicklow County Council,Music,46637
2027,Arts Grant Funding,Westport Jazz,Mayo County Council,Music,10250
2027,Arts Grant Funding,Wordwell Ltd,Dun Laoghaire Rathdown County Council,Literature (English language),58000
2027,Arts Grant Funding,Writers’ Week,Kerry County Council,Literature (English language),50000
2027,Arts Grant Funding,Xnthony Ltd.,Roscommon County Council,Theatre,148448
2027,Arts Grant Funding,"Young, Catherine",Kerry County Council,Dance,120000
2027,Arts Grant Funding,Ériu,Dublin City Council,Traditional Arts,70000
2027,Arts Grant Funding,Ó Bhéal Go Béal,Cork City Council,Literature (English language),13000
2027,Arts Grant Funding,"Ó Riain, Conall",Cork City Council,Artists support,20000